Time,Header.seq,Header.stamp.secs,Header.stamp.nsecs,Header.frame_id,Latitude,Longitude,Altitude,UTM_easting,UTM_northing,Zone,Fix,Letter
1665800730.3852699,0,8732,0,GPS1_Frame,42.364740166666664,-71.06514233333334,12.199999809265137,329946.5443957689,4692339.787392715,19,4,T
1665800731.3956828,0,8733,0,GPS1_Frame,42.364740166666664,-71.06514233333334,12.199999809265137,329946.5443957689,4692339.787392715,19,4,T
1665800732.3911889,0,8734,0,GPS1_Frame,42.364740166666664,-71.06514233333334,12.199999809265137,329946.5443957689,4692339.787392715,19,4,T
1665800733.3839817,0,8735,0,GPS1_Frame,42.364740166666664,-71.06514233333334,12.199999809265137,329946.5443957689,4692339.787392715,19,4,T
1665800734.3960295,0,8736,0,GPS1_Frame,42.364740166666664,-71.06514233333334,12.199999809265137,329946.5443957689,4692339.787392715,19,4,T
1665800735.3935473,0,8737,0,GPS1_Frame,42.364740166666664,-71.06514233333334,12.199999809265137,329946.5443957689,4692339.787392715,19,4,T
1665800736.3835282,0,8738,0,GPS1_Frame,42.364740166666664,-71.06514233333334,12.199999809265137,329946.5443957689,4692339.787392715,19,4,T
1665800737.3984494,0,8738,0,GPS1_Frame,42.364740333333344,-71.06514233333334,12.199999809265137,329946.544845463,4692339.805899831,19,4,T
1665800738.392818,0,8740,0,GPS1_Frame,42.364740333333344,-71.06514233333334,12.199999809265137,329946.544845463,4692339.805899831,19,4,T
1665800739.3852544,0,8741,0,GPS1_Frame,42.364740166666664,-71.06514233333334,12.199999809265137,329946.5443957689,4692339.787392715,19,4,T
1665800740.400472,0,8741,0,GPS1_Frame,42.364740166666664,-71.06514233333334,12.199999809265137,329946.5443957689,4692339.787392715,19,4,T
1665800741.3939216,0,8743,0,GPS1_Frame,42.364740166666664,-71.06514233333334,12.199999809265137,329946.5443957689,4692339.787392715,19,4,T
1665800742.3875332,0,8744,0,GPS1_Frame,42.364740166666664,-71.06514233333334,12.199999809265137,329946.5443957689,4692339.787392715,19,4,T
1665800743.402149,0,8744,0,GPS1_Frame,42.364740333333344,-71.06514233333334,12.199999809265137,329946.544845463,4692339.805899831,19,4,T
1665800744.394569,0,8746,0,GPS1_Frame,42.364740166666664,-71.06514233333334,12.199999809265137,329946.5443957689,4692339.787392715,19,4,T
1665800745.392711,0,8747,0,GPS1_Frame,42.364740333333344,-71.06514233333334,12.199999809265137,329946.544845463,4692339.805899831,19,4,T
1665800746.3888602,0,8747,0,GPS1_Frame,42.364740333333344,-71.06514233333334,12.199999809265137,329946.544845463,4692339.805899831,19,4,T
1665800747.39448,0,8749,0,GPS1_Frame,42.364740333333344,-71.06514233333334,12.199999809265137,329946.544845463,4692339.805899831,19,4,T
1665800748.386636,0,8750,0,GPS1_Frame,42.364740333333344,-71.06514233333334,12.199999809265137,329946.544845463,4692339.805899831,19,4,T
1665800749.3968716,0,8751,0,GPS1_Frame,42.364740333333344,-71.06514233333334,12.199999809265137,329946.544845463,4692339.805899831,19,4,T
1665800750.3919091,0,8752,0,GPS1_Frame,42.364740333333344,-71.06514233333334,12.199999809265137,329946.544845463,4692339.805899831,19,4,T
1665800751.4049773,0,8753,0,GPS1_Frame,42.364740333333344,-71.06514233333334,12.199999809265137,329946.544845463,4692339.805899831,19,4,T
1665800752.3989856,0,8754,0,GPS1_Frame,42.364740333333344,-71.06514233333334,12.199999809265137,329946.544845463,4692339.805899831,19,4,T
1665800753.3853989,0,8755,0,GPS1_Frame,42.364740333333344,-71.06514233333334,12.199999809265137,329946.544845463,4692339.805899831,19,4,T
1665800754.3933027,0,8756,0,GPS1_Frame,42.364740333333344,-71.06514233333334,12.199999809265137,329946.544845463,4692339.805899831,19,4,T
1665800755.4113598,0,8757,0,GPS1_Frame,42.364740333333344,-71.06514233333334,12.199999809265137,329946.544845463,4692339.805899831,19,4,T
1665800756.3977504,0,8758,0,GPS1_Frame,42.364740333333344,-71.06514233333334,12.199999809265137,329946.544845463,4692339.805899831,19,4,T
1665800757.4117422,0,8759,0,GPS1_Frame,42.364740333333344,-71.06514233333334,12.199999809265137,329946.544845463,4692339.805899831,19,4,T
1665800758.40313,0,8700,0,GPS1_Frame,42.364740333333344,-71.06514233333334,12.199999809265137,329946.544845463,4692339.805899831,19,4,T
1665800759.4159803,0,8761,0,GPS1_Frame,42.364740333333344,-71.06514233333334,12.199999809265137,329946.544845463,4692339.805899831,19,4,T
1665800760.4025133,0,8762,0,GPS1_Frame,42.364740333333344,-71.06514233333334,12.199999809265137,329946.544845463,4692339.805899831,19,4,T
1665800761.3954988,0,8763,0,GPS1_Frame,42.364740333333344,-71.06514233333334,12.199999809265137,329946.544845463,4692339.805899831,19,4,T
1665800762.3899865,0,8764,0,GPS1_Frame,42.364740333333344,-71.06514233333334,12.199999809265137,329946.544845463,4692339.805899831,19,4,T
1665800763.39938,0,8765,0,GPS1_Frame,42.364740333333344,-71.06514233333334,12.199999809265137,329946.544845463,4692339.805899831,19,4,T
1665800764.4070616,0,8766,0,GPS1_Frame,42.364740333333344,-71.06514233333334,12.199999809265137,329946.544845463,4692339.805899831,19,4,T
1665800765.3988733,0,8767,0,GPS1_Frame,42.364740333333344,-71.06514233333334,12.199999809265137,329946.544845463,4692339.805899831,19,4,T
1665800766.409725,0,8768,0,GPS1_Frame,42.364740333333344,-71.06514233333334,12.199999809265137,329946.544845463,4692339.805899831,19,4,T
1665800767.3947566,0,8769,0,GPS1_Frame,42.364740333333344,-71.06514233333334,12.199999809265137,329946.544845463,4692339.805899831,19,4,T
1665800768.4078918,0,8770,0,GPS1_Frame,42.364740333333344,-71.06514233333334,12.199999809265137,329946.544845463,4692339.805899831,19,4,T
1665800769.420069,0,8771,0,GPS1_Frame,42.364740333333344,-71.06514233333334,12.199999809265137,329946.544845463,4692339.805899831,19,4,T
1665800770.4073598,0,8772,0,GPS1_Frame,42.364740333333344,-71.06514233333334,12.199999809265137,329946.544845463,4692339.805899831,19,4,T
1665800771.3943186,0,8773,0,GPS1_Frame,42.364740166666664,-71.06514233333334,12.199999809265137,329946.5443957689,4692339.787392715,19,4,T
1665800772.4135308,0,8773,0,GPS1_Frame,42.364740333333344,-71.06514233333334,12.199999809265137,329946.544845463,4692339.805899831,19,4,T
1665800773.405811,0,8775,0,GPS1_Frame,42.364740166666664,-71.06514233333334,12.199999809265137,329946.5443957689,4692339.787392715,19,4,T
1665800774.4190724,0,8776,0,GPS1_Frame,42.364740166666664,-71.06514233333334,12.199999809265137,329946.5443957689,4692339.787392715,19,4,T
1665800775.4157748,0,8776,0,GPS1_Frame,42.364740333333344,-71.06514233333334,12.199999809265137,329946.544845463,4692339.805899831,19,4,T
1665800776.4090393,0,8778,0,GPS1_Frame,42.364740333333344,-71.06514233333334,12.199999809265137,329946.544845463,4692339.805899831,19,4,T
1665800777.4095643,0,8779,0,GPS1_Frame,42.364740166666664,-71.06514233333334,12.199999809265137,329946.5443957689,4692339.787392715,19,4,T
1665800778.4049225,0,8779,0,GPS1_Frame,42.364740333333344,-71.06514233333334,12.199999809265137,329946.544845463,4692339.805899831,19,4,T
1665800779.4101315,0,8781,0,GPS1_Frame,42.364740333333344,-71.06514233333334,12.199999809265137,329946.544845463,4692339.805899831,19,4,T
1665800780.4140358,0,8782,0,GPS1_Frame,42.364740166666664,-71.06514233333334,12.199999809265137,329946.5443957689,4692339.787392715,19,4,T
1665800781.4231997,0,8782,0,GPS1_Frame,42.364740166666664,-71.06514233333334,12.199999809265137,329946.5443957689,4692339.787392715,19,4,T
1665800782.4171546,0,8784,0,GPS1_Frame,42.364740333333344,-71.06514233333334,12.199999809265137,329946.544845463,4692339.805899831,19,4,T
1665800783.4281213,0,8785,0,GPS1_Frame,42.364740333333344,-71.06514233333334,12.199999809265137,329946.544845463,4692339.805899831,19,4,T
1665800784.4214354,0,8786,0,GPS1_Frame,42.364740166666664,-71.06514233333334,12.199999809265137,329946.5443957689,4692339.787392715,19,4,T
1665800785.4147632,0,8787,0,GPS1_Frame,42.364740166666664,-71.06514233333334,12.199999809265137,329946.5443957689,4692339.787392715,19,4,T
1665800786.4265325,0,8788,0,GPS1_Frame,42.364740166666664,-71.06514233333334,12.199999809265137,329946.5443957689,4692339.787392715,19,4,T
1665800787.4194477,0,8789,0,GPS1_Frame,42.364740166666664,-71.06514233333334,12.199999809265137,329946.5443957689,4692339.787392715,19,4,T
1665800788.408128,0,8790,0,GPS1_Frame,42.364740166666664,-71.06514233333334,12.199999809265137,329946.5443957689,4692339.787392715,19,4,T
1665800789.420273,0,8791,0,GPS1_Frame,42.364740166666664,-71.06514233333334,12.199999809265137,329946.5443957689,4692339.787392715,19,4,T
1665800790.4298613,0,8792,0,GPS1_Frame,42.364740166666664,-71.06514233333334,12.199999809265137,329946.5443957689,4692339.787392715,19,4,T
1665800791.413455,0,8793,0,GPS1_Frame,42.364740166666664,-71.06514233333334,12.199999809265137,329946.5443957689,4692339.787392715,19,4,T
1665800792.4252675,0,8794,0,GPS1_Frame,42.364740166666664,-71.06514233333334,12.199999809265137,329946.5443957689,4692339.787392715,19,4,T
1665800793.416606,0,8795,0,GPS1_Frame,42.364740166666664,-71.06514233333334,12.199999809265137,329946.5443957689,4692339.787392715,19,4,T
1665800794.4278412,0,8796,0,GPS1_Frame,42.364740166666664,-71.06514216666666,12.199999809265137,329946.5581204374,4692339.787059227,19,4,T
1665800795.423044,0,8797,0,GPS1_Frame,42.364740166666664,-71.06514233333334,12.199999809265137,329946.5443957689,4692339.787392715,19,4,T
1665800796.4167278,0,8798,0,GPS1_Frame,42.364740166666664,-71.06514216666666,12.199999809265137,329946.5581204374,4692339.787059227,19,4,T
1665800797.4320273,0,8798,0,GPS1_Frame,42.364740166666664,-71.06514233333334,12.199999809265137,329946.5443957689,4692339.787392715,19,4,T
1665800798.4232056,0,8800,0,GPS1_Frame,42.364740333333344,-71.06514216666666,12.199999809265137,329946.5585701314,4692339.805566343,19,4,T
1665800799.4240465,0,8801,0,GPS1_Frame,42.364740166666664,-71.06514216666666,12.199999809265137,329946.5581204374,4692339.787059227,19,4,T
1665800800.4136326,0,8801,0,GPS1_Frame,42.364740333333344,-71.06514216666666,12.199999809265137,329946.5585701314,4692339.805566343,19,4,T
1665800801.4260893,0,8803,0,GPS1_Frame,42.364740333333344,-71.06514216666666,12.199999809265137,329946.5585701314,4692339.805566343,19,4,T
1665800802.4340134,0,8804,0,GPS1_Frame,42.364740333333344,-71.06514216666666,12.199999809265137,329946.5585701314,4692339.805566343,19,4,T
1665800803.427336,0,8804,0,GPS1_Frame,42.364740333333344,-71.06514216666666,12.199999809265137,329946.5585701314,4692339.805566343,19,4,T
1665800804.4378104,0,8806,0,GPS1_Frame,42.364740333333344,-71.06514233333334,12.199999809265137,329946.544845463,4692339.805899831,19,4,T
1665800805.4310422,0,8807,0,GPS1_Frame,42.364740166666664,-71.06514233333334,12.199999809265137,329946.5443957689,4692339.787392715,19,4,T
1665800806.4415176,0,8807,0,GPS1_Frame,42.364740166666664,-71.06514233333334,12.199999809265137,329946.5443957689,4692339.787392715,19,4,T
1665800807.4270477,0,8809,0,GPS1_Frame,42.364740333333344,-71.06514233333334,12.199999809265137,329946.544845463,4692339.805899831,19,4,T
1665800808.4377086,0,8810,0,GPS1_Frame,42.364740333333344,-71.06514233333334,12.199999809265137,329946.544845463,4692339.805899831,19,4,T
1665800809.4347484,0,8811,0,GPS1_Frame,42.364740333333344,-71.06514233333334,12.199999809265137,329946.544845463,4692339.805899831,19,4,T
1665800810.4293642,0,8812,0,GPS1_Frame,42.364740333333344,-71.06514233333334,12.199999809265137,329946.544845463,4692339.805899831,19,4,T
1665800811.438173,0,8813,0,GPS1_Frame,42.364740166666664,-71.06514233333334,12.199999809265137,329946.5443957689,4692339.787392715,19,4,T
1665800812.438479,0,8814,0,GPS1_Frame,42.364740166666664,-71.06514233333334,12.199999809265137,329946.5443957689,4692339.787392715,19,4,T
1665800813.4335265,0,8815,0,GPS1_Frame,42.364740166666664,-71.06514233333334,12.199999809265137,329946.5443957689,4692339.787392715,19,4,T
1665800814.425204,0,8816,0,GPS1_Frame,42.364740333333344,-71.06514233333334,12.199999809265137,329946.544845463,4692339.805899831,19,4,T
1665800815.436771,0,8817,0,GPS1_Frame,42.364740333333344,-71.06514233333334,12.199999809265137,329946.544845463,4692339.805899831,19,4,T
1665800816.4341645,0,8818,0,GPS1_Frame,42.364740166666664,-71.06514233333334,12.199999809265137,329946.5443957689,4692339.787392715,19,4,T
1665800817.4447212,0,8819,0,GPS1_Frame,42.364740166666664,-71.06514233333334,12.199999809265137,329946.5443957689,4692339.787392715,19,4,T
1665800818.4342859,0,8820,0,GPS1_Frame,42.364740166666664,-71.06514233333334,12.199999809265137,329946.5443957689,4692339.787392715,19,4,T
1665800819.4451153,0,8821,0,GPS1_Frame,42.364740166666664,-71.06514233333334,12.199999809265137,329946.5443957689,4692339.787392715,19,4,T
1665800820.4327664,0,8822,0,GPS1_Frame,42.364740333333344,-71.06514233333334,12.199999809265137,329946.544845463,4692339.805899831,19,4,T
1665800821.444033,0,8823,0,GPS1_Frame,42.364740333333344,-71.06514233333334,12.199999809265137,329946.544845463,4692339.805899831,19,4,T
1665800822.4327374,0,8824,0,GPS1_Frame,42.364740333333344,-71.06514233333334,12.199999809265137,329946.544845463,4692339.805899831,19,4,T
1665800823.4307368,0,8825,0,GPS1_Frame,42.364740333333344,-71.06514233333334,12.199999809265137,329946.544845463,4692339.805899831,19,4,T
1665800824.4459527,0,8826,0,GPS1_Frame,42.364740166666664,-71.06514233333334,12.199999809265137,329946.5443957689,4692339.787392715,19,4,T
1665800825.4332173,0,8827,0,GPS1_Frame,42.364740333333344,-71.06514233333334,12.199999809265137,329946.544845463,4692339.805899831,19,4,T
1665800826.4442759,0,8828,0,GPS1_Frame,42.364740166666664,-71.06514233333334,12.199999809265137,329946.5443957689,4692339.787392715,19,4,T
1665800827.4398663,0,8829,0,GPS1_Frame,42.364740333333344,-71.06514233333334,12.199999809265137,329946.544845463,4692339.805899831,19,4,T
1665800828.4350653,0,8830,0,GPS1_Frame,42.364740333333344,-71.06514216666666,12.199999809265137,329946.5585701314,4692339.805566343,19,4,T
1665800829.4504611,0,8831,0,GPS1_Frame,42.364740333333344,-71.06514216666666,12.199999809265137,329946.5585701314,4692339.805566343,19,4,T
1665800830.4460225,0,8832,0,GPS1_Frame,42.364740333333344,-71.06514233333334,12.199999809265137,329946.544845463,4692339.805899831,19,4,T
1665800831.438816,0,8833,0,GPS1_Frame,42.364740333333344,-71.06514233333334,12.199999809265137,329946.544845463,4692339.805899831,19,4,T
1665800832.437621,0,8833,0,GPS1_Frame,42.364740333333344,-71.06514233333334,12.199999809265137,329946.544845463,4692339.805899831,19,4,T
1665800833.4416673,0,8835,0,GPS1_Frame,42.364740166666664,-71.06514233333334,12.199999809265137,329946.5443957689,4692339.787392715,19,4,T
1665800834.43016,0,8836,0,GPS1_Frame,42.364740166666664,-71.06514233333334,12.199999809265137,329946.5443957689,4692339.787392715,19,4,T
1665800835.4399066,0,8836,0,GPS1_Frame,42.364740166666664,-71.06514233333334,12.199999809265137,329946.5443957689,4692339.787392715,19,4,T
1665800836.441133,0,8838,0,GPS1_Frame,42.364740166666664,-71.06514233333334,12.199999809265137,329946.5443957689,4692339.787392715,19,4,T
1665800837.4466312,0,8839,0,GPS1_Frame,42.364740166666664,-71.06514233333334,12.199999809265137,329946.5443957689,4692339.787392715,19,4,T
1665800838.456941,0,8839,0,GPS1_Frame,42.364740166666664,-71.06514233333334,12.199999809265137,329946.5443957689,4692339.787392715,19,4,T
1665800839.4427674,0,8841,0,GPS1_Frame,42.364740166666664,-71.06514233333334,12.199999809265137,329946.5443957689,4692339.787392715,19,4,T
1665800840.4559107,0,8842,0,GPS1_Frame,42.364740333333344,-71.06514233333334,12.199999809265137,329946.544845463,4692339.805899831,19,4,T
1665800841.4453394,0,8842,0,GPS1_Frame,42.364740166666664,-71.06514233333334,12.199999809265137,329946.5443957689,4692339.787392715,19,4,T
1665800842.4615166,0,8844,0,GPS1_Frame,42.364740333333344,-71.06514233333334,12.199999809265137,329946.544845463,4692339.805899831,19,4,T
1665800843.449992,0,8845,0,GPS1_Frame,42.364740333333344,-71.06514233333334,12.199999809265137,329946.544845463,4692339.805899831,19,4,T
1665800844.4401367,0,8846,0,GPS1_Frame,42.364740166666664,-71.06514233333334,12.199999809265137,329946.5443957689,4692339.787392715,19,4,T
1665800845.45384,0,8847,0,GPS1_Frame,42.364740166666664,-71.06514233333334,12.199999809265137,329946.5443957689,4692339.787392715,19,4,T
1665800846.4494658,0,8848,0,GPS1_Frame,42.364740166666664,-71.06514233333334,12.199999809265137,329946.5443957689,4692339.787392715,19,4,T
1665800847.446017,0,8849,0,GPS1_Frame,42.364740166666664,-71.06514233333334,12.199999809265137,329946.5443957689,4692339.787392715,19,4,T
1665800848.4593604,0,8850,0,GPS1_Frame,42.364740166666664,-71.06514233333334,12.199999809265137,329946.5443957689,4692339.787392715,19,4,T
1665800849.4512682,0,8851,0,GPS1_Frame,42.364740166666664,-71.06514233333334,12.199999809265137,329946.5443957689,4692339.787392715,19,4,T
1665800850.4433186,0,8852,0,GPS1_Frame,42.364740166666664,-71.06514233333334,12.199999809265137,329946.5443957689,4692339.787392715,19,4,T
1665800851.4568565,0,8853,0,GPS1_Frame,42.364740333333344,-71.06514233333334,12.199999809265137,329946.544845463,4692339.805899831,19,4,T
1665800852.45344,0,8854,0,GPS1_Frame,42.364740333333344,-71.06514233333334,12.199999809265137,329946.544845463,4692339.805899831,19,4,T
1665800853.4629335,0,8855,0,GPS1_Frame,42.364740333333344,-71.06514233333334,12.199999809265137,329946.544845463,4692339.805899831,19,4,T
1665800854.4595752,0,8856,0,GPS1_Frame,42.364740333333344,-71.06514233333334,12.199999809265137,329946.544845463,4692339.805899831,19,4,T
1665800855.4619699,0,8857,0,GPS1_Frame,42.364740333333344,-71.06514233333334,12.100000381469727,329946.544845463,4692339.805899831,19,4,T
1665800856.4506285,0,8858,0,GPS1_Frame,42.364740333333344,-71.06514233333334,12.100000381469727,329946.544845463,4692339.805899831,19,4,T
1665800857.4635272,0,8858,0,GPS1_Frame,42.364740166666664,-71.06514233333334,12.100000381469727,329946.5443957689,4692339.787392715,19,4,T
1665800858.4508803,0,8860,0,GPS1_Frame,42.364740333333344,-71.06514233333334,12.100000381469727,329946.544845463,4692339.805899831,19,4,T
1665800859.4533398,0,8861,0,GPS1_Frame,42.364740166666664,-71.06514233333334,12.100000381469727,329946.5443957689,4692339.787392715,19,4,T
1665800860.4622958,0,8861,0,GPS1_Frame,42.364740166666664,-71.06514233333334,12.100000381469727,329946.5443957689,4692339.787392715,19,4,T
1665800861.4540324,0,8863,0,GPS1_Frame,42.364740166666664,-71.06514233333334,12.100000381469727,329946.5443957689,4692339.787392715,19,4,T
1665800862.465869,0,8864,0,GPS1_Frame,42.364740166666664,-71.06514233333334,12.100000381469727,329946.5443957689,4692339.787392715,19,4,T
1665800863.4571476,0,8864,0,GPS1_Frame,42.364740166666664,-71.06514233333334,12.100000381469727,329946.5443957689,4692339.787392715,19,4,T
1665800864.4701757,0,8866,0,GPS1_Frame,42.364740166666664,-71.06514233333334,12.100000381469727,329946.5443957689,4692339.787392715,19,4,T
1665800865.4676075,0,8867,0,GPS1_Frame,42.364740166666664,-71.06514233333334,12.100000381469727,329946.5443957689,4692339.787392715,19,4,T
1665800866.4611957,0,8867,0,GPS1_Frame,42.364740166666664,-71.06514233333334,12.199999809265137,329946.5443957689,4692339.787392715,19,4,T
1665800867.4545863,0,8869,0,GPS1_Frame,42.364740166666664,-71.06514233333334,12.199999809265137,329946.5443957689,4692339.787392715,19,4,T
1665800868.4618995,0,8870,0,GPS1_Frame,42.364740166666664,-71.06514233333334,12.199999809265137,329946.5443957689,4692339.787392715,19,4,T
1665800869.4592156,0,8871,0,GPS1_Frame,42.364740166666664,-71.06514233333334,12.199999809265137,329946.5443957689,4692339.787392715,19,4,T
1665800870.450401,0,8872,0,GPS1_Frame,42.364740166666664,-71.06514233333334,12.199999809265137,329946.5443957689,4692339.787392715,19,4,T
1665800871.4640403,0,8873,0,GPS1_Frame,42.364740166666664,-71.06514233333334,12.199999809265137,329946.5443957689,4692339.787392715,19,4,T
1665800872.4598396,0,8874,0,GPS1_Frame,42.364740166666664,-71.06514233333334,12.100000381469727,329946.5443957689,4692339.787392715,19,4,T
1665800873.4717805,0,8875,0,GPS1_Frame,42.364740166666664,-71.06514233333334,12.199999809265137,329946.5443957689,4692339.787392715,19,4,T
1665800874.4641345,0,8876,0,GPS1_Frame,42.364740166666664,-71.06514233333334,12.199999809265137,329946.5443957689,4692339.787392715,19,4,T
1665800875.4748752,0,8877,0,GPS1_Frame,42.364740166666664,-71.06514233333334,12.100000381469727,329946.5443957689,4692339.787392715,19,4,T
1665800876.4691575,0,8878,0,GPS1_Frame,42.364740166666664,-71.06514233333334,12.199999809265137,329946.5443957689,4692339.787392715,19,4,T
1665800877.4596329,0,8879,0,GPS1_Frame,42.364740166666664,-71.06514233333334,12.199999809265137,329946.5443957689,4692339.787392715,19,4,T
1665800878.4709506,0,8820,0,GPS1_Frame,42.364740166666664,-71.06514233333334,12.100000381469727,329946.5443957689,4692339.787392715,19,4,T
1665800879.4645336,0,8881,0,GPS1_Frame,42.364740166666664,-71.06514233333334,12.100000381469727,329946.5443957689,4692339.787392715,19,4,T
1665800880.4786584,0,8882,0,GPS1_Frame,42.364740166666664,-71.06514233333334,12.100000381469727,329946.5443957689,4692339.787392715,19,4,T
1665800881.4709759,0,8883,0,GPS1_Frame,42.364740166666664,-71.06514233333334,12.100000381469727,329946.5443957689,4692339.787392715,19,4,T
1665800882.4647782,0,8884,0,GPS1_Frame,42.364740166666664,-71.06514233333334,12.100000381469727,329946.5443957689,4692339.787392715,19,4,T
1665800883.462674,0,8885,0,GPS1_Frame,42.364740166666664,-71.06514233333334,12.100000381469727,329946.5443957689,4692339.787392715,19,4,T
1665800884.4769773,0,8886,0,GPS1_Frame,42.364740166666664,-71.06514233333334,12.100000381469727,329946.5443957689,4692339.787392715,19,4,T
1665800885.4624684,0,8887,0,GPS1_Frame,42.364740166666664,-71.06514233333334,12.100000381469727,329946.5443957689,4692339.787392715,19,4,T
1665800886.4780834,0,8888,0,GPS1_Frame,42.36474,-71.06514233333334,12.100000381469727,329946.5439460748,4692339.768885601,19,4,T
1665800887.469221,0,8889,0,GPS1_Frame,42.36474,-71.06514233333334,12.100000381469727,329946.5439460748,4692339.768885601,19,4,T
1665800888.4587202,0,8890,0,GPS1_Frame,42.364740166666664,-71.06514233333334,12.100000381469727,329946.5443957689,4692339.787392715,19,4,T
1665800889.474995,0,8891,0,GPS1_Frame,42.36474,-71.06514233333334,12.100000381469727,329946.5439460748,4692339.768885601,19,4,T
1665800890.4594944,0,8892,0,GPS1_Frame,42.364740166666664,-71.06514233333334,12.100000381469727,329946.5443957689,4692339.787392715,19,4,T
1665800891.4687424,0,8893,0,GPS1_Frame,42.36474,-71.06514233333334,12.100000381469727,329946.5439460748,4692339.768885601,19,4,T
1665800892.4796867,0,8893,0,GPS1_Frame,42.364740166666664,-71.06514233333334,12.100000381469727,329946.5443957689,4692339.787392715,19,4,T
1665800893.4729872,0,8895,0,GPS1_Frame,42.36474,-71.06514233333334,12.100000381469727,329946.5439460748,4692339.768885601,19,4,T
1665800894.4794326,0,8896,0,GPS1_Frame,42.36474,-71.06514233333334,12.100000381469727,329946.5439460748,4692339.768885601,19,4,T
1665800895.4729917,0,8896,0,GPS1_Frame,42.36474,-71.06514233333334,12.100000381469727,329946.5439460748,4692339.768885601,19,4,T
1665800896.4830527,0,8898,0,GPS1_Frame,42.36474,-71.06514233333334,12.100000381469727,329946.5439460748,4692339.768885601,19,4,T
1665800897.4700668,0,8899,0,GPS1_Frame,42.36474,-71.06514233333334,12.100000381469727,329946.5439460748,4692339.768885601,19,4,T
1665800898.476785,0,8899,0,GPS1_Frame,42.36474,-71.06514233333334,12.100000381469727,329946.5439460748,4692339.768885601,19,4,T
1665800899.4804027,0,8901,0,GPS1_Frame,42.36474,-71.06514233333334,12.100000381469727,329946.5439460748,4692339.768885601,19,4,T
1665800900.4879622,0,8902,0,GPS1_Frame,42.36474,-71.06514233333334,12.100000381469727,329946.5439460748,4692339.768885601,19,4,T
1665800901.4856482,0,8902,0,GPS1_Frame,42.36474,-71.06514233333334,12.100000381469727,329946.5439460748,4692339.768885601,19,4,T
1665800902.4736452,0,8904,0,GPS1_Frame,42.36474,-71.06514233333334,12.100000381469727,329946.5439460748,4692339.768885601,19,4,T
1665800903.4810035,0,8905,0,GPS1_Frame,42.364740166666664,-71.06514233333334,12.100000381469727,329946.5443957689,4692339.787392715,19,4,T
1665800904.493852,0,8906,0,GPS1_Frame,42.36474,-71.06514233333334,12.100000381469727,329946.5439460748,4692339.768885601,19,4,T
1665800905.4870355,0,8907,0,GPS1_Frame,42.36474,-71.06514233333334,12.100000381469727,329946.5439460748,4692339.768885601,19,4,T
1665800906.4766283,0,8908,0,GPS1_Frame,42.36474,-71.0651425,12.100000381469727,329946.53022141044,4692339.769219088,19,4,T
1665800907.480911,0,8909,0,GPS1_Frame,42.36474,-71.0651425,12.100000381469727,329946.53022141044,4692339.769219088,19,4,T
1665800908.478136,0,8910,0,GPS1_Frame,42.36474,-71.0651425,12.100000381469727,329946.53022141044,4692339.769219088,19,4,T
1665800909.4894218,0,8911,0,GPS1_Frame,42.36474,-71.0651425,12.100000381469727,329946.53022141044,4692339.769219088,19,4,T
1665800910.4799764,0,8912,0,GPS1_Frame,42.36474,-71.06514233333334,12.100000381469727,329946.5439460748,4692339.768885601,19,4,T
1665800911.4778721,0,8913,0,GPS1_Frame,42.36474,-71.06514233333334,12.100000381469727,329946.5439460748,4692339.768885601,19,4,T
1665800912.4973779,0,8914,0,GPS1_Frame,42.364740166666664,-71.06514233333334,12.100000381469727,329946.5443957689,4692339.787392715,19,4,T
1665800913.496681,0,8915,0,GPS1_Frame,42.36474,-71.06514233333334,12.100000381469727,329946.5439460748,4692339.768885601,19,4,T
1665800914.49409,0,8916,0,GPS1_Frame,42.36474,-71.06514233333334,12.100000381469727,329946.5439460748,4692339.768885601,19,4,T
1665800915.4777493,0,8917,0,GPS1_Frame,42.36474,-71.06514233333334,12.100000381469727,329946.5439460748,4692339.768885601,19,4,T
1665800916.495548,0,8918,0,GPS1_Frame,42.36474,-71.06514233333334,12.100000381469727,329946.5439460748,4692339.768885601,19,4,T
1665800917.4837003,0,8918,0,GPS1_Frame,42.36474,-71.06514233333334,12.100000381469727,329946.5439460748,4692339.768885601,19,4,T
1665800918.4918995,0,8920,0,GPS1_Frame,42.36474,-71.06514233333334,12.100000381469727,329946.5439460748,4692339.768885601,19,4,T
1665800919.490421,0,8921,0,GPS1_Frame,42.36474,-71.06514233333334,12.100000381469727,329946.5439460748,4692339.768885601,19,4,T
1665800920.4822233,0,8921,0,GPS1_Frame,42.36474,-71.06514233333334,12.100000381469727,329946.5439460748,4692339.768885601,19,4,T
1665800921.4940085,0,8923,0,GPS1_Frame,42.36474,-71.06514233333334,12.100000381469727,329946.5439460748,4692339.768885601,19,4,T
1665800922.4860034,0,8924,0,GPS1_Frame,42.36474,-71.06514233333334,12.100000381469727,329946.5439460748,4692339.768885601,19,4,T
1665800923.498876,0,8924,0,GPS1_Frame,42.36474,-71.06514233333334,12.100000381469727,329946.5439460748,4692339.768885601,19,4,T
1665800924.4872315,0,8926,0,GPS1_Frame,42.36474,-71.06514233333334,12.100000381469727,329946.5439460748,4692339.768885601,19,4,T
1665800925.5017657,0,8927,0,GPS1_Frame,42.36474,-71.06514233333334,12.100000381469727,329946.5439460748,4692339.768885601,19,4,T
1665800926.4915164,0,8927,0,GPS1_Frame,42.36474,-71.06514233333334,12.100000381469727,329946.5439460748,4692339.768885601,19,4,T
1665800927.50447,0,8929,0,GPS1_Frame,42.36474,-71.06514233333334,12.100000381469727,329946.5439460748,4692339.768885601,19,4,T
1665800928.4916987,0,8930,0,GPS1_Frame,42.36474,-71.06514233333334,12.100000381469727,329946.5439460748,4692339.768885601,19,4,T
1665800929.4887395,0,8931,0,GPS1_Frame,42.36474,-71.06514233333334,12.100000381469727,329946.5439460748,4692339.768885601,19,4,T
1665800930.501767,0,8932,0,GPS1_Frame,42.364740166666664,-71.06514233333334,12.100000381469727,329946.5443957689,4692339.787392715,19,4,T
1665800931.4957168,0,8933,0,GPS1_Frame,42.36474,-71.06514233333334,12.100000381469727,329946.5439460748,4692339.768885601,19,4,T
1665800932.4958768,0,8934,0,GPS1_Frame,42.36474,-71.06514233333334,12.100000381469727,329946.5439460748,4692339.768885601,19,4,T
1665800933.493523,0,8935,0,GPS1_Frame,42.36474,-71.06514233333334,12.100000381469727,329946.5439460748,4692339.768885601,19,4,T
1665800934.5072477,0,8936,0,GPS1_Frame,42.36474,-71.06514233333334,12.100000381469727,329946.5439460748,4692339.768885601,19,4,T
1665800935.5023699,0,8937,0,GPS1_Frame,42.36474,-71.06514233333334,12.100000381469727,329946.5439460748,4692339.768885601,19,4,T
1665800936.4935799,0,8938,0,GPS1_Frame,42.36474,-71.06514233333334,12.100000381469727,329946.5439460748,4692339.768885601,19,4,T
1665800937.4948606,0,8939,0,GPS1_Frame,42.36474,-71.06514233333334,12.100000381469727,329946.5439460748,4692339.768885601,19,4,T
1665800938.5066795,0,8940,0,GPS1_Frame,42.36474,-71.06514233333334,12.100000381469727,329946.5439460748,4692339.768885601,19,4,T
1665800939.5044854,0,8941,0,GPS1_Frame,42.36474,-71.06514233333334,12.100000381469727,329946.5439460748,4692339.768885601,19,4,T
1665800940.49751,0,8942,0,GPS1_Frame,42.364740166666664,-71.06514233333334,12.100000381469727,329946.5443957689,4692339.787392715,19,4,T
1665800941.5077744,0,8943,0,GPS1_Frame,42.364740166666664,-71.06514233333334,12.100000381469727,329946.5443957689,4692339.787392715,19,4,T
1665800942.498942,0,8944,0,GPS1_Frame,42.364740166666664,-71.06514233333334,12.100000381469727,329946.5443957689,4692339.787392715,19,4,T
1665800943.5130692,0,8945,0,GPS1_Frame,42.364740166666664,-71.06514233333334,12.100000381469727,329946.5443957689,4692339.787392715,19,4,T
1665800944.5032697,0,8946,0,GPS1_Frame,42.36474,-71.06514233333334,12.100000381469727,329946.5439460748,4692339.768885601,19,4,T
1665800945.5025513,0,8947,0,GPS1_Frame,42.364740166666664,-71.06514233333334,12.100000381469727,329946.5443957689,4692339.787392715,19,4,T
1665800946.5087833,0,8948,0,GPS1_Frame,42.364740166666664,-71.06514233333334,12.100000381469727,329946.5443957689,4692339.787392715,19,4,T
1665800947.4963477,0,8949,0,GPS1_Frame,42.364740166666664,-71.06514233333334,12.100000381469727,329946.5443957689,4692339.787392715,19,4,T
1665800948.5020576,0,8950,0,GPS1_Frame,42.364740166666664,-71.06514233333334,12.100000381469727,329946.5443957689,4692339.787392715,19,4,T
1665800949.4955695,0,8951,0,GPS1_Frame,42.364740166666664,-71.06514233333334,12.100000381469727,329946.5443957689,4692339.787392715,19,4,T
1665800950.5112026,0,8952,0,GPS1_Frame,42.36474,-71.06514233333334,12.100000381469727,329946.5439460748,4692339.768885601,19,4,T
1665800951.5012076,0,8953,0,GPS1_Frame,42.364740166666664,-71.06514233333334,12.100000381469727,329946.5443957689,4692339.787392715,19,4,T
1665800952.4933972,0,8953,0,GPS1_Frame,42.36474,-71.06514233333334,12.100000381469727,329946.5439460748,4692339.768885601,19,4,T
1665800953.509167,0,8955,0,GPS1_Frame,42.36474,-71.06514233333334,12.100000381469727,329946.5439460748,4692339.768885601,19,4,T
1665800954.5194035,0,8956,0,GPS1_Frame,42.36474,-71.06514233333334,12.100000381469727,329946.5439460748,4692339.768885601,19,4,T
1665800955.5151577,0,8956,0,GPS1_Frame,42.36474,-71.06514233333334,12.100000381469727,329946.5439460748,4692339.768885601,19,4,T
1665800956.509506,0,8958,0,GPS1_Frame,42.364740166666664,-71.06514233333334,12.100000381469727,329946.5443957689,4692339.787392715,19,4,T
1665800957.5012884,0,8959,0,GPS1_Frame,42.364740166666664,-71.06514233333334,12.100000381469727,329946.5443957689,4692339.787392715,19,4,T
1665800958.5134857,0,8959,0,GPS1_Frame,42.364740166666664,-71.06514233333334,12.100000381469727,329946.5443957689,4692339.787392715,19,4,T
1665800959.5161302,0,8961,0,GPS1_Frame,42.364740166666664,-71.06514233333334,12.100000381469727,329946.5443957689,4692339.787392715,19,4,T
1665800960.5097127,0,8962,0,GPS1_Frame,42.364740166666664,-71.06514233333334,12.100000381469727,329946.5443957689,4692339.787392715,19,4,T
1665800961.5040872,0,8962,0,GPS1_Frame,42.36474,-71.06514233333334,12.100000381469727,329946.5439460748,4692339.768885601,19,4,T
1665800962.5133739,0,8964,0,GPS1_Frame,42.36474,-71.06514233333334,12.100000381469727,329946.5439460748,4692339.768885601,19,4,T
1665800963.5028074,0,8965,0,GPS1_Frame,42.36474,-71.06514233333334,12.100000381469727,329946.5439460748,4692339.768885601,19,4,T
1665800964.514707,0,8966,0,GPS1_Frame,42.36474,-71.06514233333334,12.100000381469727,329946.5439460748,4692339.768885601,19,4,T
1665800966.0111654,0,8967,0,GPS1_Frame,42.36474,-71.06514233333334,12.100000381469727,329946.5439460748,4692339.768885601,19,4,T
1665800966.5190356,0,8968,0,GPS1_Frame,42.36474,-71.06514233333334,12.100000381469727,329946.5439460748,4692339.768885601,19,4,T
1665800967.5064974,0,8969,0,GPS1_Frame,42.36474,-71.06514233333334,12.100000381469727,329946.5439460748,4692339.768885601,19,4,T
1665800968.5058358,0,8970,0,GPS1_Frame,42.36474,-71.06514233333334,12.100000381469727,329946.5439460748,4692339.768885601,19,4,T
1665800969.5166903,0,8971,0,GPS1_Frame,42.36474,-71.06514233333334,12.100000381469727,329946.5439460748,4692339.768885601,19,4,T
1665800970.507944,0,8972,0,GPS1_Frame,42.36474,-71.06514233333334,12.100000381469727,329946.5439460748,4692339.768885601,19,4,T
1665800971.5236883,0,8973,0,GPS1_Frame,42.36474,-71.06514233333334,12.100000381469727,329946.5439460748,4692339.768885601,19,4,T
1665800972.5155785,0,8974,0,GPS1_Frame,42.36474,-71.06514233333334,12.100000381469727,329946.5439460748,4692339.768885601,19,4,T
1665800973.521005,0,8975,0,GPS1_Frame,42.364740166666664,-71.06514233333334,12.100000381469727,329946.5443957689,4692339.787392715,19,4,T
1665800974.5086656,0,8976,0,GPS1_Frame,42.364740166666664,-71.06514233333334,12.100000381469727,329946.5443957689,4692339.787392715,19,4,T
1665800975.5282323,0,8977,0,GPS1_Frame,42.364740166666664,-71.0651425,12.100000381469727,329946.53067110456,4692339.787726203,19,4,T
1665800976.5145817,0,8978,0,GPS1_Frame,42.364740166666664,-71.0651425,12.100000381469727,329946.53067110456,4692339.787726203,19,4,T
1665800977.5192695,0,8978,0,GPS1_Frame,42.36474,-71.06514233333334,12.100000381469727,329946.5439460748,4692339.768885601,19,4,T
1665800978.5158324,0,8980,0,GPS1_Frame,42.36474,-71.06514233333334,12.100000381469727,329946.5439460748,4692339.768885601,19,4,T
1665800979.5346286,0,8981,0,GPS1_Frame,42.36474,-71.0651425,12.100000381469727,329946.53022141044,4692339.769219088,19,4,T
1665800980.5226634,0,8981,0,GPS1_Frame,42.36474,-71.0651425,12.100000381469727,329946.53022141044,4692339.769219088,19,4,T
1665800981.503842,0,8983,0,GPS1_Frame,42.36474,-71.0651425,12.100000381469727,329946.53022141044,4692339.769219088,19,4,T
1665800982.5213056,0,8984,0,GPS1_Frame,42.36474,-71.0651425,12.100000381469727,329946.53022141044,4692339.769219088,19,4,T
1665800983.5194764,0,8984,0,GPS1_Frame,42.36474,-71.0651425,12.100000381469727,329946.53022141044,4692339.769219088,19,4,T
1665800984.5257008,0,8986,0,GPS1_Frame,42.36474,-71.0651425,12.100000381469727,329946.53022141044,4692339.769219088,19,4,T
1665800985.5157402,0,8987,0,GPS1_Frame,42.36474,-71.0651425,12.100000381469727,329946.53022141044,4692339.769219088,19,4,T
1665800986.535226,0,8987,0,GPS1_Frame,42.36474,-71.0651425,12.100000381469727,329946.53022141044,4692339.769219088,19,4,T
1665800987.5157998,0,8989,0,GPS1_Frame,42.36474,-71.0651425,12.100000381469727,329946.53022141044,4692339.769219088,19,4,T
1665800988.5315816,0,8990,0,GPS1_Frame,42.36474,-71.0651425,12.100000381469727,329946.53022141044,4692339.769219088,19,4,T
1665800989.5207138,0,8991,0,GPS1_Frame,42.36474,-71.0651425,12.100000381469727,329946.53022141044,4692339.769219088,19,4,T
1665800990.5282264,0,8992,0,GPS1_Frame,42.36474,-71.0651425,12.100000381469727,329946.53022141044,4692339.769219088,19,4,T
1665800991.5398684,0,8993,0,GPS1_Frame,42.36474,-71.0651425,12.100000381469727,329946.53022141044,4692339.769219088,19,4,T
1665800992.5373473,0,8994,0,GPS1_Frame,42.364740166666664,-71.06514233333334,12.100000381469727,329946.5443957689,4692339.787392715,19,4,T
1665800993.526769,0,8995,0,GPS1_Frame,42.364740166666664,-71.06514233333334,12.100000381469727,329946.5443957689,4692339.787392715,19,4,T
1665800994.5340452,0,8996,0,GPS1_Frame,42.36474,-71.06514233333334,12.100000381469727,329946.5439460748,4692339.768885601,19,4,T
1665800995.537264,0,8997,0,GPS1_Frame,42.36474,-71.06514233333334,12.100000381469727,329946.5439460748,4692339.768885601,19,4,T
1665800996.5276327,0,8998,0,GPS1_Frame,42.36474,-71.06514233333334,12.100000381469727,329946.5439460748,4692339.768885601,19,4,T
1665800997.5263119,0,8999,0,GPS1_Frame,42.36474,-71.06514233333334,12.100000381469727,329946.5439460748,4692339.768885601,19,4,T
1665800998.5300112,0,8940,0,GPS1_Frame,42.36474,-71.06514233333334,12.100000381469727,329946.5439460748,4692339.768885601,19,4,T
1665800999.519804,0,9001,0,GPS1_Frame,42.36474,-71.06514233333334,12.100000381469727,329946.5439460748,4692339.768885601,19,4,T
1665801000.5333781,0,9002,0,GPS1_Frame,42.36474,-71.06514233333334,12.100000381469727,329946.5439460748,4692339.768885601,19,4,T
1665801001.5305884,0,9003,0,GPS1_Frame,42.36474,-71.06514233333334,12.100000381469727,329946.5439460748,4692339.768885601,19,4,T
1665801002.5427375,0,9004,0,GPS1_Frame,42.364740166666664,-71.06514233333334,12.100000381469727,329946.5443957689,4692339.787392715,19,4,T
1665801003.5356193,0,9005,0,GPS1_Frame,42.36474,-71.06514233333334,12.100000381469727,329946.5439460748,4692339.768885601,19,4,T
1665801004.5207715,0,9006,0,GPS1_Frame,42.36474,-71.06514233333334,12.100000381469727,329946.5439460748,4692339.768885601,19,4,T
1665801005.5261292,0,9007,0,GPS1_Frame,42.36474,-71.06514233333334,12.100000381469727,329946.5439460748,4692339.768885601,19,4,T
1665801006.5299852,0,9008,0,GPS1_Frame,42.36474,-71.06514233333334,12.100000381469727,329946.5439460748,4692339.768885601,19,4,T
1665801007.5538664,0,9009,0,GPS1_Frame,42.36474,-71.06514233333334,12.100000381469727,329946.5439460748,4692339.768885601,19,4,T
1665801008.555405,0,9010,0,GPS1_Frame,42.36474,-71.06514233333334,12.100000381469727,329946.5439460748,4692339.768885601,19,4,T
1665801009.5386355,0,9011,0,GPS1_Frame,42.36474,-71.06514233333334,12.100000381469727,329946.5439460748,4692339.768885601,19,4,T
1665801010.5339725,0,9012,0,GPS1_Frame,42.36474,-71.06514233333334,12.100000381469727,329946.5439460748,4692339.768885601,19,4,T
1665801011.5291986,0,9013,0,GPS1_Frame,42.364740166666664,-71.06514233333334,12.100000381469727,329946.5443957689,4692339.787392715,19,4,T
1665801012.5376697,0,9013,0,GPS1_Frame,42.364740166666664,-71.06514233333334,12.100000381469727,329946.5443957689,4692339.787392715,19,4,T
1665801013.5338712,0,9015,0,GPS1_Frame,42.364740166666664,-71.06514233333334,12.100000381469727,329946.5443957689,4692339.787392715,19,4,T
1665801014.5258427,0,9016,0,GPS1_Frame,42.36474,-71.06514233333334,12.100000381469727,329946.5439460748,4692339.768885601,19,4,T
1665801015.5364316,0,9016,0,GPS1_Frame,42.36474,-71.06514233333334,12.100000381469727,329946.5439460748,4692339.768885601,19,4,T
1665801016.5571022,0,9018,0,GPS1_Frame,42.36474,-71.06514233333334,12.100000381469727,329946.5439460748,4692339.768885601,19,4,T
1665801017.533299,0,9019,0,GPS1_Frame,42.36474,-71.06514233333334,12.100000381469727,329946.5439460748,4692339.768885601,19,4,T
1665801018.5408063,0,9019,0,GPS1_Frame,42.36474,-71.06514233333334,12.100000381469727,329946.5439460748,4692339.768885601,19,4,T
1665801019.5498772,0,9021,0,GPS1_Frame,42.36474,-71.06514233333334,12.100000381469727,329946.5439460748,4692339.768885601,19,4,T
1665801020.5563567,0,9022,0,GPS1_Frame,42.36474,-71.06514233333334,12.100000381469727,329946.5439460748,4692339.768885601,19,4,T
1665801021.5479198,0,9022,0,GPS1_Frame,42.36474,-71.06514233333334,12.100000381469727,329946.5439460748,4692339.768885601,19,4,T
1665801022.5472896,0,9024,0,GPS1_Frame,42.36474,-71.06514233333334,12.100000381469727,329946.5439460748,4692339.768885601,19,4,T
1665801023.5408068,0,9025,0,GPS1_Frame,42.36474,-71.06514233333334,12.100000381469727,329946.5439460748,4692339.768885601,19,4,T
1665801024.5528574,0,9026,0,GPS1_Frame,42.36474,-71.06514233333334,12.100000381469727,329946.5439460748,4692339.768885601,19,4,T
1665801025.5398064,0,9027,0,GPS1_Frame,42.36474,-71.06514233333334,12.100000381469727,329946.5439460748,4692339.768885601,19,4,T
1665801026.5377798,0,9028,0,GPS1_Frame,42.36474,-71.06514233333334,12.100000381469727,329946.5439460748,4692339.768885601,19,4,T
1665801027.5581028,0,9029,0,GPS1_Frame,42.36474,-71.06514233333334,12.100000381469727,329946.5439460748,4692339.768885601,19,4,T
1665801028.5508704,0,9030,0,GPS1_Frame,42.36474,-71.06514233333334,12.100000381469727,329946.5439460748,4692339.768885601,19,4,T
1665801029.5468478,0,9031,0,GPS1_Frame,42.36474,-71.06514233333334,12.100000381469727,329946.5439460748,4692339.768885601,19,4,T
1665801030.542711,0,9032,0,GPS1_Frame,42.36474,-71.06514233333334,12.100000381469727,329946.5439460748,4692339.768885601,19,4,T
1665801031.5514743,0,9033,0,GPS1_Frame,42.36474,-71.06514233333334,12.100000381469727,329946.5439460748,4692339.768885601,19,4,T
1665801032.5440366,0,9034,0,GPS1_Frame,42.36474,-71.06514233333334,12.100000381469727,329946.5439460748,4692339.768885601,19,4,T
1665801033.5600622,0,9035,0,GPS1_Frame,42.36474,-71.06514233333334,12.100000381469727,329946.5439460748,4692339.768885601,19,4,T
1665801034.5436842,0,9036,0,GPS1_Frame,42.36474,-71.06514233333334,12.100000381469727,329946.5439460748,4692339.768885601,19,4,T
1665801035.5451524,0,9037,0,GPS1_Frame,42.36474,-71.0651425,12.100000381469727,329946.53022141044,4692339.769219088,19,4,T
1665801036.5600076,0,9038,0,GPS1_Frame,42.36474,-71.06514233333334,12.100000381469727,329946.5439460748,4692339.768885601,19,4,T
1665801037.5512266,0,9038,0,GPS1_Frame,42.36474,-71.06514233333334,12.100000381469727,329946.5439460748,4692339.768885601,19,4,T
1665801038.552562,0,9040,0,GPS1_Frame,42.36474,-71.06514233333334,12.100000381469727,329946.5439460748,4692339.768885601,19,4,T
1665801039.557866,0,9041,0,GPS1_Frame,42.36474,-71.06514233333334,12.100000381469727,329946.5439460748,4692339.768885601,19,4,T
1665801040.5558665,0,9041,0,GPS1_Frame,42.36474,-71.0651425,12.100000381469727,329946.53022141044,4692339.769219088,19,4,T
1665801041.5463068,0,9043,0,GPS1_Frame,42.36474,-71.06514233333334,12.100000381469727,329946.5439460748,4692339.768885601,19,4,T
1665801042.5475333,0,9044,0,GPS1_Frame,42.36474,-71.0651425,12.100000381469727,329946.53022141044,4692339.769219088,19,4,T
1665801043.5636997,0,9044,0,GPS1_Frame,42.36474,-71.0651425,12.100000381469727,329946.53022141044,4692339.769219088,19,4,T
1665801044.564377,0,9046,0,GPS1_Frame,42.36474,-71.06514233333334,12.100000381469727,329946.5439460748,4692339.768885601,19,4,T
1665801045.554934,0,9047,0,GPS1_Frame,42.36474,-71.06514233333334,12.100000381469727,329946.5439460748,4692339.768885601,19,4,T
1665801046.5545611,0,9047,0,GPS1_Frame,42.36474,-71.0651425,12.100000381469727,329946.53022141044,4692339.769219088,19,4,T
1665801047.5716956,0,9049,0,GPS1_Frame,42.36474,-71.06514233333334,12.199999809265137,329946.5439460748,4692339.768885601,19,4,T
1665801048.566587,0,9050,0,GPS1_Frame,42.36474,-71.06514233333334,12.199999809265137,329946.5439460748,4692339.768885601,19,4,T
1665801049.5612233,0,9051,0,GPS1_Frame,42.36474,-71.06514233333334,12.199999809265137,329946.5439460748,4692339.768885601,19,4,T
1665801050.558388,0,9052,0,GPS1_Frame,42.36474,-71.06514233333334,12.100000381469727,329946.5439460748,4692339.768885601,19,4,T
1665801051.5588288,0,9053,0,GPS1_Frame,42.36474,-71.06514233333334,12.100000381469727,329946.5439460748,4692339.768885601,19,4,T
1665801052.5533826,0,9054,0,GPS1_Frame,42.36474,-71.06514233333334,12.100000381469727,329946.5439460748,4692339.768885601,19,4,T
1665801053.5687788,0,9055,0,GPS1_Frame,42.36474,-71.06514233333334,12.100000381469727,329946.5439460748,4692339.768885601,19,4,T
1665801054.5610917,0,9056,0,GPS1_Frame,42.36474,-71.06514233333334,12.100000381469727,329946.5439460748,4692339.768885601,19,4,T
1665801055.5547261,0,9057,0,GPS1_Frame,42.36474,-71.06514233333334,12.100000381469727,329946.5439460748,4692339.768885601,19,4,T
1665801056.5692606,0,9058,0,GPS1_Frame,42.36474,-71.06514233333334,12.100000381469727,329946.5439460748,4692339.768885601,19,4,T
1665801057.5635114,0,9059,0,GPS1_Frame,42.36474,-71.06514233333334,12.100000381469727,329946.5439460748,4692339.768885601,19,4,T
1665801058.5530496,0,9060,0,GPS1_Frame,42.36474,-71.06514233333334,12.100000381469727,329946.5439460748,4692339.768885601,19,4,T
1665801059.5476809,0,9061,0,GPS1_Frame,42.36474,-71.06514233333334,12.100000381469727,329946.5439460748,4692339.768885601,19,4,T
1665801060.5645213,0,9062,0,GPS1_Frame,42.36474,-71.06514233333334,12.100000381469727,329946.5439460748,4692339.768885601,19,4,T
1665801061.5567656,0,9063,0,GPS1_Frame,42.36474,-71.06514233333334,12.100000381469727,329946.5439460748,4692339.768885601,19,4,T
1665801062.576956,0,9064,0,GPS1_Frame,42.36474,-71.06514233333334,12.100000381469727,329946.5439460748,4692339.768885601,19,4,T
1665801063.5676942,0,9065,0,GPS1_Frame,42.36474,-71.06514233333334,12.100000381469727,329946.5439460748,4692339.768885601,19,4,T
1665801064.5738928,0,9066,0,GPS1_Frame,42.36474,-71.06514233333334,12.100000381469727,329946.5439460748,4692339.768885601,19,4,T
1665801065.5592625,0,9067,0,GPS1_Frame,42.36474,-71.06514233333334,12.100000381469727,329946.5439460748,4692339.768885601,19,4,T
1665801066.5691578,0,9068,0,GPS1_Frame,42.36474,-71.06514233333334,12.100000381469727,329946.5439460748,4692339.768885601,19,4,T
1665801067.558967,0,9069,0,GPS1_Frame,42.36474,-71.06514233333334,12.100000381469727,329946.5439460748,4692339.768885601,19,4,T
1665801068.5516355,0,9070,0,GPS1_Frame,42.36474,-71.06514233333334,12.100000381469727,329946.5439460748,4692339.768885601,19,4,T
1665801069.5777702,0,9071,0,GPS1_Frame,42.36474,-71.06514233333334,12.100000381469727,329946.5439460748,4692339.768885601,19,4,T
1665801070.5695488,0,9072,0,GPS1_Frame,42.36474,-71.06514233333334,12.100000381469727,329946.5439460748,4692339.768885601,19,4,T
1665801071.5646915,0,9073,0,GPS1_Frame,42.36474,-71.06514233333334,12.100000381469727,329946.5439460748,4692339.768885601,19,4,T
1665801072.5762148,0,9073,0,GPS1_Frame,42.36474,-71.06514233333334,12.100000381469727,329946.5439460748,4692339.768885601,19,4,T
1665801073.5698576,0,9075,0,GPS1_Frame,42.364740166666664,-71.06514233333334,12.100000381469727,329946.5443957689,4692339.787392715,19,4,T
1665801074.5746107,0,9076,0,GPS1_Frame,42.364740166666664,-71.06514233333334,12.100000381469727,329946.5443957689,4692339.787392715,19,4,T
1665801075.560826,0,9076,0,GPS1_Frame,42.36474,-71.06514233333334,12.100000381469727,329946.5439460748,4692339.768885601,19,4,T
1665801076.5765314,0,9078,0,GPS1_Frame,42.36474,-71.06514233333334,12.100000381469727,329946.5439460748,4692339.768885601,19,4,T
1665801077.5692549,0,9079,0,GPS1_Frame,42.36474,-71.06514233333334,12.100000381469727,329946.5439460748,4692339.768885601,19,4,T
1665801078.5811806,0,9079,0,GPS1_Frame,42.36474,-71.06514233333334,12.100000381469727,329946.5439460748,4692339.768885601,19,4,T
1665801079.574041,0,9081,0,GPS1_Frame,42.36474,-71.06514233333334,12.100000381469727,329946.5439460748,4692339.768885601,19,4,T
1665801080.5708554,0,9082,0,GPS1_Frame,42.36474,-71.06514233333334,12.100000381469727,329946.5439460748,4692339.768885601,19,4,T
1665801081.5671554,0,9082,0,GPS1_Frame,42.36474,-71.06514233333334,12.100000381469727,329946.5439460748,4692339.768885601,19,4,T
1665801082.5706942,0,9084,0,GPS1_Frame,42.36474,-71.06514233333334,12.100000381469727,329946.5439460748,4692339.768885601,19,4,T
1665801083.5832438,0,9085,0,GPS1_Frame,42.36474,-71.06514233333334,12.100000381469727,329946.5439460748,4692339.768885601,19,4,T
1665801084.5808,0,9086,0,GPS1_Frame,42.36474,-71.06514233333334,12.100000381469727,329946.5439460748,4692339.768885601,19,4,T
1665801085.5705767,0,9087,0,GPS1_Frame,42.36474,-71.06514233333334,12.100000381469727,329946.5439460748,4692339.768885601,19,4,T
1665801086.5629778,0,9088,0,GPS1_Frame,42.36474,-71.06514233333334,12.100000381469727,329946.5439460748,4692339.768885601,19,4,T
1665801087.5817308,0,9089,0,GPS1_Frame,42.36474,-71.06514233333334,12.100000381469727,329946.5439460748,4692339.768885601,19,4,T
1665801088.5767057,0,9090,0,GPS1_Frame,42.36474,-71.06514233333334,12.100000381469727,329946.5439460748,4692339.768885601,19,4,T
1665801089.5741558,0,9091,0,GPS1_Frame,42.36474,-71.06514233333334,12.100000381469727,329946.5439460748,4692339.768885601,19,4,T
1665801090.5696437,0,9092,0,GPS1_Frame,42.36474,-71.06514233333334,12.100000381469727,329946.5439460748,4692339.768885601,19,4,T
1665801091.5896535,0,9093,0,GPS1_Frame,42.36474,-71.06514233333334,12.100000381469727,329946.5439460748,4692339.768885601,19,4,T
1665801092.578082,0,9094,0,GPS1_Frame,42.36474,-71.06514233333334,12.100000381469727,329946.5439460748,4692339.768885601,19,4,T
1665801093.5836644,0,9095,0,GPS1_Frame,42.36474,-71.06514233333334,12.100000381469727,329946.5439460748,4692339.768885601,19,4,T
1665801094.5780585,0,9096,0,GPS1_Frame,42.36473983333334,-71.0651425,12.100000381469727,329946.52977171645,4692339.750711975,19,4,T
1665801095.574959,0,9097,0,GPS1_Frame,42.36474,-71.06514233333334,12.100000381469727,329946.5439460748,4692339.768885601,19,4,T
1665801096.5866609,0,9098,0,GPS1_Frame,42.36474,-71.06514233333334,12.100000381469727,329946.5439460748,4692339.768885601,19,4,T
1665801097.5717752,0,9098,0,GPS1_Frame,42.36474,-71.06514233333334,12.100000381469727,329946.5439460748,4692339.768885601,19,4,T
1665801098.5837622,0,9100,0,GPS1_Frame,42.36474,-71.06514233333334,12.100000381469727,329946.5439460748,4692339.768885601,19,4,T
1665801099.5768082,0,9101,0,GPS1_Frame,42.36474,-71.06514233333334,12.100000381469727,329946.5439460748,4692339.768885601,19,4,T
1665801100.5900774,0,9101,0,GPS1_Frame,42.36474,-71.06514233333334,12.100000381469727,329946.5439460748,4692339.768885601,19,4,T
1665801101.5756783,0,9103,0,GPS1_Frame,42.36474,-71.06514233333334,12.100000381469727,329946.5439460748,4692339.768885601,19,4,T
1665801102.5891702,0,9104,0,GPS1_Frame,42.36474,-71.06514233333334,12.100000381469727,329946.5439460748,4692339.768885601,19,4,T
1665801103.5776932,0,9104,0,GPS1_Frame,42.36474,-71.06514233333334,12.100000381469727,329946.5439460748,4692339.768885601,19,4,T
1665801104.575184,0,9106,0,GPS1_Frame,42.36474,-71.06514233333334,12.100000381469727,329946.5439460748,4692339.768885601,19,4,T
1665801105.5865061,0,9107,0,GPS1_Frame,42.36474,-71.06514233333334,12.100000381469727,329946.5439460748,4692339.768885601,19,4,T
1665801106.5856729,0,9107,0,GPS1_Frame,42.36474,-71.06514233333334,12.100000381469727,329946.5439460748,4692339.768885601,19,4,T
1665801107.581209,0,9109,0,GPS1_Frame,42.36474,-71.06514233333334,12.100000381469727,329946.5439460748,4692339.768885601,19,4,T
1665801108.5933025,0,9110,0,GPS1_Frame,42.36474,-71.06514233333334,12.100000381469727,329946.5439460748,4692339.768885601,19,4,T
1665801109.5902712,0,9111,0,GPS1_Frame,42.36474,-71.06514233333334,12.100000381469727,329946.5439460748,4692339.768885601,19,4,T
1665801110.5832186,0,9112,0,GPS1_Frame,42.36474,-71.06514233333334,12.100000381469727,329946.5439460748,4692339.768885601,19,4,T
1665801111.5908897,0,9113,0,GPS1_Frame,42.36474,-71.06514233333334,12.100000381469727,329946.5439460748,4692339.768885601,19,4,T
1665801112.5872734,0,9114,0,GPS1_Frame,42.36474,-71.06514233333334,12.100000381469727,329946.5439460748,4692339.768885601,19,4,T
1665801113.5853558,0,9115,0,GPS1_Frame,42.36474,-71.06514233333334,12.100000381469727,329946.5439460748,4692339.768885601,19,4,T
1665801114.5958881,0,9116,0,GPS1_Frame,42.36474,-71.06514233333334,12.100000381469727,329946.5439460748,4692339.768885601,19,4,T
1665801115.6053288,0,9117,0,GPS1_Frame,42.36474,-71.06514233333334,12.100000381469727,329946.5439460748,4692339.768885601,19,4,T
1665801116.5823464,0,9118,0,GPS1_Frame,42.36474,-71.06514233333334,12.100000381469727,329946.5439460748,4692339.768885601,19,4,T
1665801117.6013365,0,9119,0,GPS1_Frame,42.36474,-71.06514233333334,12.100000381469727,329946.5439460748,4692339.768885601,19,4,T
1665801118.5965827,0,9060,0,GPS1_Frame,42.36474,-71.06514233333334,12.100000381469727,329946.5439460748,4692339.768885601,19,4,T
1665801119.5959127,0,9121,0,GPS1_Frame,42.36474,-71.06514233333334,12.100000381469727,329946.5439460748,4692339.768885601,19,4,T
1665801120.6059618,0,9122,0,GPS1_Frame,42.36474,-71.06514233333334,12.100000381469727,329946.5439460748,4692339.768885601,19,4,T
1665801121.5979292,0,9123,0,GPS1_Frame,42.36474,-71.06514233333334,12.199999809265137,329946.5439460748,4692339.768885601,19,4,T
1665801122.5911143,0,9124,0,GPS1_Frame,42.364740166666664,-71.06514233333334,12.100000381469727,329946.5443957689,4692339.787392715,19,4,T
1665801123.5906692,0,9125,0,GPS1_Frame,42.364740166666664,-71.06514233333334,12.100000381469727,329946.5443957689,4692339.787392715,19,4,T
1665801124.594739,0,9126,0,GPS1_Frame,42.364740166666664,-71.06514233333334,12.100000381469727,329946.5443957689,4692339.787392715,19,4,T
1665801125.6033983,0,9127,0,GPS1_Frame,42.364740166666664,-71.06514233333334,12.100000381469727,329946.5443957689,4692339.787392715,19,4,T
1665801126.592575,0,9128,0,GPS1_Frame,42.364740166666664,-71.06514233333334,12.100000381469727,329946.5443957689,4692339.787392715,19,4,T
1665801127.6078842,0,9129,0,GPS1_Frame,42.364740166666664,-71.06514233333334,12.100000381469727,329946.5443957689,4692339.787392715,19,4,T
1665801128.600946,0,9130,0,GPS1_Frame,42.364740166666664,-71.06514233333334,12.100000381469727,329946.5443957689,4692339.787392715,19,4,T
1665801129.5972767,0,9131,0,GPS1_Frame,42.364740166666664,-71.06514233333334,12.100000381469727,329946.5443957689,4692339.787392715,19,4,T
1665801130.6239703,0,9132,0,GPS1_Frame,42.36474,-71.06514233333334,12.100000381469727,329946.5439460748,4692339.768885601,19,4,T
1665801131.5949447,0,9133,0,GPS1_Frame,42.36474,-71.06514233333334,12.100000381469727,329946.5439460748,4692339.768885601,19,4,T
1665801132.6267571,0,9133,0,GPS1_Frame,42.36474,-71.06514233333334,12.100000381469727,329946.5439460748,4692339.768885601,19,4,T
1665801133.6124465,0,9135,0,GPS1_Frame,42.36474,-71.06514233333334,12.100000381469727,329946.5439460748,4692339.768885601,19,4,T
1665801134.6241448,0,9136,0,GPS1_Frame,42.36474,-71.06514233333334,12.100000381469727,329946.5439460748,4692339.768885601,19,4,T
1665801135.6247272,0,9136,0,GPS1_Frame,42.36474,-71.06514233333334,12.100000381469727,329946.5439460748,4692339.768885601,19,4,T
1665801136.6093483,0,9138,0,GPS1_Frame,42.36474,-71.06514233333334,12.100000381469727,329946.5439460748,4692339.768885601,19,4,T
1665801137.6253521,0,9139,0,GPS1_Frame,42.36474,-71.06514233333334,12.100000381469727,329946.5439460748,4692339.768885601,19,4,T
1665801138.6264625,0,9139,0,GPS1_Frame,42.36474,-71.06514233333334,12.100000381469727,329946.5439460748,4692339.768885601,19,4,T
1665801139.6057427,0,9141,0,GPS1_Frame,42.36474,-71.06514233333334,12.100000381469727,329946.5439460748,4692339.768885601,19,4,T
1665801140.6022983,0,9142,0,GPS1_Frame,42.36474,-71.06514233333334,12.100000381469727,329946.5439460748,4692339.768885601,19,4,T
1665801141.6186037,0,9142,0,GPS1_Frame,42.36474,-71.06514233333334,12.100000381469727,329946.5439460748,4692339.768885601,19,4,T
1665801142.613807,0,9144,0,GPS1_Frame,42.36474,-71.06514233333334,12.100000381469727,329946.5439460748,4692339.768885601,19,4,T
1665801143.608585,0,9145,0,GPS1_Frame,42.36474,-71.06514233333334,12.100000381469727,329946.5439460748,4692339.768885601,19,4,T
1665801144.6120665,0,9146,0,GPS1_Frame,42.36474,-71.06514233333334,12.100000381469727,329946.5439460748,4692339.768885601,19,4,T
1665801145.6097257,0,9147,0,GPS1_Frame,42.36474,-71.06514233333334,12.199999809265137,329946.5439460748,4692339.768885601,19,4,T
1665801146.6051629,0,9148,0,GPS1_Frame,42.36474,-71.06514233333334,12.100000381469727,329946.5439460748,4692339.768885601,19,4,T
1665801147.5984225,0,9149,0,GPS1_Frame,42.36474,-71.06514233333334,12.100000381469727,329946.5439460748,4692339.768885601,19,4,T
1665801148.6117485,0,9150,0,GPS1_Frame,42.36474,-71.06514233333334,12.100000381469727,329946.5439460748,4692339.768885601,19,4,T
1665801149.629518,0,9151,0,GPS1_Frame,42.36474,-71.06514233333334,12.199999809265137,329946.5439460748,4692339.768885601,19,4,T
1665801150.6147625,0,9152,0,GPS1_Frame,42.36474,-71.06514233333334,12.199999809265137,329946.5439460748,4692339.768885601,19,4,T
1665801151.610291,0,9153,0,GPS1_Frame,42.36474,-71.06514233333334,12.199999809265137,329946.5439460748,4692339.768885601,19,4,T
1665801152.6437361,0,9154,0,GPS1_Frame,42.36474,-71.06514233333334,12.100000381469727,329946.5439460748,4692339.768885601,19,4,T
1665801153.6165946,0,9155,0,GPS1_Frame,42.36474,-71.06514233333334,12.100000381469727,329946.5439460748,4692339.768885601,19,4,T
1665801154.60976,0,9156,0,GPS1_Frame,42.36474,-71.06514233333334,12.100000381469727,329946.5439460748,4692339.768885601,19,4,T
1665801155.599319,0,9157,0,GPS1_Frame,42.36474,-71.06514233333334,12.199999809265137,329946.5439460748,4692339.768885601,19,4,T
1665801156.6063821,0,9158,0,GPS1_Frame,42.36474,-71.06514233333334,12.199999809265137,329946.5439460748,4692339.768885601,19,4,T
1665801157.60335,0,9158,0,GPS1_Frame,42.36474,-71.06514233333334,12.199999809265137,329946.5439460748,4692339.768885601,19,4,T
1665801158.6046617,0,9160,0,GPS1_Frame,42.36474,-71.06514233333334,12.199999809265137,329946.5439460748,4692339.768885601,19,4,T
1665801159.6150825,0,9161,0,GPS1_Frame,42.36474,-71.06514233333334,12.199999809265137,329946.5439460748,4692339.768885601,19,4,T
1665801160.623184,0,9161,0,GPS1_Frame,42.36474,-71.06514233333334,12.100000381469727,329946.5439460748,4692339.768885601,19,4,T
1665801161.6162584,0,9163,0,GPS1_Frame,42.36474,-71.0651425,12.199999809265137,329946.53022141044,4692339.769219088,19,4,T
1665801162.6143348,0,9164,0,GPS1_Frame,42.36474,-71.0651425,12.199999809265137,329946.53022141044,4692339.769219088,19,4,T
1665801163.6058493,0,9164,0,GPS1_Frame,42.36474,-71.0651425,12.199999809265137,329946.53022141044,4692339.769219088,19,4,T
1665801164.6201036,0,9166,0,GPS1_Frame,42.36474,-71.06514233333334,12.100000381469727,329946.5439460748,4692339.768885601,19,4,T
1665801165.6132908,0,9167,0,GPS1_Frame,42.36474,-71.06514233333334,12.100000381469727,329946.5439460748,4692339.768885601,19,4,T
1665801166.6218257,0,9167,0,GPS1_Frame,42.36474,-71.06514233333334,12.199999809265137,329946.5439460748,4692339.768885601,19,4,T
1665801167.6168296,0,9169,0,GPS1_Frame,42.36474,-71.06514233333334,12.199999809265137,329946.5439460748,4692339.768885601,19,4,T
1665801168.6108544,0,9170,0,GPS1_Frame,42.36474,-71.06514233333334,12.199999809265137,329946.5439460748,4692339.768885601,19,4,T
1665801169.6197963,0,9171,0,GPS1_Frame,42.36474,-71.06514233333334,12.199999809265137,329946.5439460748,4692339.768885601,19,4,T
1665801170.6152782,0,9172,0,GPS1_Frame,42.36474,-71.06514233333334,12.199999809265137,329946.5439460748,4692339.768885601,19,4,T
1665801171.6100461,0,9173,0,GPS1_Frame,42.36474,-71.06514233333334,12.199999809265137,329946.5439460748,4692339.768885601,19,4,T
1665801172.6257813,0,9174,0,GPS1_Frame,42.36474,-71.06514233333334,12.199999809265137,329946.5439460748,4692339.768885601,19,4,T
1665801173.6163116,0,9175,0,GPS1_Frame,42.36474,-71.06514233333334,12.199999809265137,329946.5439460748,4692339.768885601,19,4,T
1665801174.6261487,0,9176,0,GPS1_Frame,42.36474,-71.06514233333334,12.199999809265137,329946.5439460748,4692339.768885601,19,4,T
1665801175.614333,0,9177,0,GPS1_Frame,42.36474,-71.06514233333334,12.100000381469727,329946.5439460748,4692339.768885601,19,4,T
1665801176.6261148,0,9178,0,GPS1_Frame,42.36474,-71.06514233333334,12.199999809265137,329946.5439460748,4692339.768885601,19,4,T
1665801177.6181898,0,9179,0,GPS1_Frame,42.36474,-71.06514233333334,12.199999809265137,329946.5439460748,4692339.768885601,19,4,T
1665801178.6152601,0,9180,0,GPS1_Frame,42.36474,-71.06514233333334,12.199999809265137,329946.5439460748,4692339.768885601,19,4,T
1665801179.627784,0,9181,0,GPS1_Frame,42.36474,-71.06514233333334,12.199999809265137,329946.5439460748,4692339.768885601,19,4,T
1665801180.6161816,0,9182,0,GPS1_Frame,42.36474,-71.06514233333334,12.199999809265137,329946.5439460748,4692339.768885601,19,4,T
1665801181.6107662,0,9183,0,GPS1_Frame,42.36474,-71.06514233333334,12.199999809265137,329946.5439460748,4692339.768885601,19,4,T
1665801182.626901,0,9184,0,GPS1_Frame,42.36474,-71.06514233333334,12.199999809265137,329946.5439460748,4692339.768885601,19,4,T
1665801183.6185243,0,9185,0,GPS1_Frame,42.36474,-71.06514233333334,12.199999809265137,329946.5439460748,4692339.768885601,19,4,T
1665801184.6170905,0,9186,0,GPS1_Frame,42.36474,-71.06514233333334,12.199999809265137,329946.5439460748,4692339.768885601,19,4,T
1665801185.626234,0,9187,0,GPS1_Frame,42.36474,-71.06514233333334,12.199999809265137,329946.5439460748,4692339.768885601,19,4,T
1665801186.6281497,0,9188,0,GPS1_Frame,42.36474,-71.06514233333334,12.199999809265137,329946.5439460748,4692339.768885601,19,4,T
1665801187.6186495,0,9189,0,GPS1_Frame,42.36474,-71.06514233333334,12.199999809265137,329946.5439460748,4692339.768885601,19,4,T
1665801188.627563,0,9190,0,GPS1_Frame,42.36474,-71.06514233333334,12.199999809265137,329946.5439460748,4692339.768885601,19,4,T
1665801189.641185,0,9191,0,GPS1_Frame,42.364740166666664,-71.06514233333334,12.199999809265137,329946.5443957689,4692339.787392715,19,4,T
1665801190.6338222,0,9192,0,GPS1_Frame,42.364740166666664,-71.06514233333334,12.199999809265137,329946.5443957689,4692339.787392715,19,4,T
1665801191.6427588,0,9193,0,GPS1_Frame,42.36474,-71.06514233333334,12.199999809265137,329946.5439460748,4692339.768885601,19,4,T
1665801192.6228342,0,9193,0,GPS1_Frame,42.36474,-71.06514233333334,12.199999809265137,329946.5439460748,4692339.768885601,19,4,T
1665801193.635144,0,9195,0,GPS1_Frame,42.364740166666664,-71.06514233333334,12.199999809265137,329946.5443957689,4692339.787392715,19,4,T
1665801194.6246617,0,9196,0,GPS1_Frame,42.364740166666664,-71.06514233333334,12.199999809265137,329946.5443957689,4692339.787392715,19,4,T
1665801195.6403823,0,9196,0,GPS1_Frame,42.364740166666664,-71.06514233333334,12.199999809265137,329946.5443957689,4692339.787392715,19,4,T
1665801196.6293826,0,9198,0,GPS1_Frame,42.364740166666664,-71.06514233333334,12.199999809265137,329946.5443957689,4692339.787392715,19,4,T
1665801197.6424074,0,9199,0,GPS1_Frame,42.364740166666664,-71.06514233333334,12.199999809265137,329946.5443957689,4692339.787392715,19,4,T
1665801198.6296182,0,9199,0,GPS1_Frame,42.36474,-71.06514233333334,12.100000381469727,329946.5439460748,4692339.768885601,19,4,T
1665801199.6410918,0,9201,0,GPS1_Frame,42.36474,-71.06514233333334,12.199999809265137,329946.5439460748,4692339.768885601,19,4,T
1665801200.6315742,0,9202,0,GPS1_Frame,42.36474,-71.06514233333334,12.199999809265137,329946.5439460748,4692339.768885601,19,4,T
1665801201.6438525,0,9202,0,GPS1_Frame,42.36474,-71.06514233333334,12.199999809265137,329946.5439460748,4692339.768885601,19,4,T
1665801202.6401894,0,9204,0,GPS1_Frame,42.36474,-71.0651425,12.199999809265137,329946.53022141044,4692339.769219088,19,4,T
1665801203.6312532,0,9205,0,GPS1_Frame,42.36474,-71.06514233333334,12.199999809265137,329946.5439460748,4692339.768885601,19,4,T
1665801204.6435337,0,9206,0,GPS1_Frame,42.36474,-71.06514233333334,12.199999809265137,329946.5439460748,4692339.768885601,19,4,T
1665801205.6390994,0,9207,0,GPS1_Frame,42.36474,-71.06514233333334,12.199999809265137,329946.5439460748,4692339.768885601,19,4,T
1665801206.6447365,0,9208,0,GPS1_Frame,42.36474,-71.06514233333334,12.199999809265137,329946.5439460748,4692339.768885601,19,4,T
1665801207.640717,0,9209,0,GPS1_Frame,42.36474,-71.0651425,12.199999809265137,329946.53022141044,4692339.769219088,19,4,T
1665801208.6480532,0,9210,0,GPS1_Frame,42.36474,-71.06514233333334,12.199999809265137,329946.5439460748,4692339.768885601,19,4,T
1665801209.6463296,0,9211,0,GPS1_Frame,42.36474,-71.06514233333334,12.199999809265137,329946.5439460748,4692339.768885601,19,4,T
1665801210.638126,0,9212,0,GPS1_Frame,42.36474,-71.06514233333334,12.199999809265137,329946.5439460748,4692339.768885601,19,4,T
1665801211.6346982,0,9213,0,GPS1_Frame,42.36474,-71.06514233333334,12.199999809265137,329946.5439460748,4692339.768885601,19,4,T
1665801212.6309705,0,9214,0,GPS1_Frame,42.36474,-71.06514233333334,12.199999809265137,329946.5439460748,4692339.768885601,19,4,T
1665801213.6455028,0,9215,0,GPS1_Frame,42.36474,-71.0651425,12.199999809265137,329946.53022141044,4692339.769219088,19,4,T
1665801214.6473842,0,9216,0,GPS1_Frame,42.36474,-71.0651425,12.199999809265137,329946.53022141044,4692339.769219088,19,4,T
1665801215.6417255,0,9217,0,GPS1_Frame,42.36474,-71.0651425,12.199999809265137,329946.53022141044,4692339.769219088,19,4,T
1665801216.6512613,0,9218,0,GPS1_Frame,42.36474,-71.06514233333334,12.199999809265137,329946.5439460748,4692339.768885601,19,4,T
1665801217.6446192,0,9218,0,GPS1_Frame,42.36474,-71.0651425,12.199999809265137,329946.53022141044,4692339.769219088,19,4,T
1665801218.6349497,0,9220,0,GPS1_Frame,42.36474,-71.0651425,12.199999809265137,329946.53022141044,4692339.769219088,19,4,T
1665801219.6523619,0,9221,0,GPS1_Frame,42.36474,-71.0651425,12.100000381469727,329946.53022141044,4692339.769219088,19,4,T
1665801220.645227,0,9221,0,GPS1_Frame,42.36474,-71.06514233333334,12.100000381469727,329946.5439460748,4692339.768885601,19,4,T
1665801221.6428788,0,9223,0,GPS1_Frame,42.36474,-71.0651425,12.100000381469727,329946.53022141044,4692339.769219088,19,4,T
1665801222.6362717,0,9224,0,GPS1_Frame,42.36474,-71.0651425,12.100000381469727,329946.53022141044,4692339.769219088,19,4,T
1665801223.6458578,0,9224,0,GPS1_Frame,42.36474,-71.0651425,12.100000381469727,329946.53022141044,4692339.769219088,19,4,T
1665801224.6584406,0,9226,0,GPS1_Frame,42.36474,-71.0651425,12.100000381469727,329946.53022141044,4692339.769219088,19,4,T
1665801225.6609423,0,9227,0,GPS1_Frame,42.36474,-71.0651425,12.100000381469727,329946.53022141044,4692339.769219088,19,4,T
1665801226.6487353,0,9227,0,GPS1_Frame,42.36474,-71.0651425,12.199999809265137,329946.53022141044,4692339.769219088,19,4,T
1665801227.644027,0,9229,0,GPS1_Frame,42.36474,-71.0651425,12.100000381469727,329946.53022141044,4692339.769219088,19,4,T
1665801228.653239,0,9230,0,GPS1_Frame,42.36474,-71.0651425,12.100000381469727,329946.53022141044,4692339.769219088,19,4,T
1665801229.6564033,0,9231,0,GPS1_Frame,42.36474,-71.0651425,12.100000381469727,329946.53022141044,4692339.769219088,19,4,T
1665801230.6466763,0,9232,0,GPS1_Frame,42.36474,-71.0651425,12.100000381469727,329946.53022141044,4692339.769219088,19,4,T
1665801231.6482134,0,9233,0,GPS1_Frame,42.36474,-71.0651425,12.199999809265137,329946.53022141044,4692339.769219088,19,4,T
1665801232.6574702,0,9234,0,GPS1_Frame,42.36474,-71.06514233333334,12.100000381469727,329946.5439460748,4692339.768885601,19,4,T
1665801233.6589644,0,9235,0,GPS1_Frame,42.36474,-71.06514233333334,12.100000381469727,329946.5439460748,4692339.768885601,19,4,T
1665801234.6482806,0,9236,0,GPS1_Frame,42.36474,-71.0651425,12.100000381469727,329946.53022141044,4692339.769219088,19,4,T
1665801235.6392891,0,9237,0,GPS1_Frame,42.36474,-71.06514233333334,12.199999809265137,329946.5439460748,4692339.768885601,19,4,T
1665801236.652077,0,9238,0,GPS1_Frame,42.36474,-71.06514233333334,12.199999809265137,329946.5439460748,4692339.768885601,19,4,T
1665801237.64996,0,9239,0,GPS1_Frame,42.36474,-71.06514233333334,12.199999809265137,329946.5439460748,4692339.768885601,19,4,T
1665801238.64519,0,9180,0,GPS1_Frame,42.364740166666664,-71.06514233333334,12.199999809265137,329946.5443957689,4692339.787392715,19,4,T
1665801239.6482022,0,9241,0,GPS1_Frame,42.36474,-71.06514233333334,12.100000381469727,329946.5439460748,4692339.768885601,19,4,T
1665801240.642588,0,9242,0,GPS1_Frame,42.36474,-71.06514233333334,12.199999809265137,329946.5439460748,4692339.768885601,19,4,T
1665801241.643558,0,9243,0,GPS1_Frame,42.36474,-71.06514233333334,12.199999809265137,329946.5439460748,4692339.768885601,19,4,T
1665801242.64986,0,9244,0,GPS1_Frame,42.36474,-71.06514233333334,12.199999809265137,329946.5439460748,4692339.768885601,19,4,T
1665801243.666157,0,9245,0,GPS1_Frame,42.364740166666664,-71.06514233333334,12.100000381469727,329946.5443957689,4692339.787392715,19,4,T
1665801244.6580915,0,9246,0,GPS1_Frame,42.364740166666664,-71.06514233333334,12.100000381469727,329946.5443957689,4692339.787392715,19,4,T
1665801245.6492927,0,9247,0,GPS1_Frame,42.36474,-71.06514233333334,12.100000381469727,329946.5439460748,4692339.768885601,19,4,T
1665801246.6630836,0,9248,0,GPS1_Frame,42.36474,-71.06514233333334,12.100000381469727,329946.5439460748,4692339.768885601,19,4,T
1665801247.657897,0,9249,0,GPS1_Frame,42.364740166666664,-71.06514233333334,12.100000381469727,329946.5443957689,4692339.787392715,19,4,T
1665801248.650907,0,9250,0,GPS1_Frame,42.364740166666664,-71.06514233333334,12.199999809265137,329946.5443957689,4692339.787392715,19,4,T
1665801249.667089,0,9251,0,GPS1_Frame,42.36474,-71.06514233333334,12.100000381469727,329946.5439460748,4692339.768885601,19,4,T
1665801250.651355,0,9252,0,GPS1_Frame,42.36474,-71.06514233333334,12.100000381469727,329946.5439460748,4692339.768885601,19,4,T
1665801251.668091,0,9253,0,GPS1_Frame,42.36474,-71.06514233333334,12.100000381469727,329946.5439460748,4692339.768885601,19,4,T
1665801252.6571734,0,9253,0,GPS1_Frame,42.36474,-71.06514233333334,12.100000381469727,329946.5439460748,4692339.768885601,19,4,T
1665801253.6634443,0,9255,0,GPS1_Frame,42.36474,-71.06514233333334,12.100000381469727,329946.5439460748,4692339.768885601,19,4,T
1665801254.6546614,0,9256,0,GPS1_Frame,42.36474,-71.06514233333334,12.100000381469727,329946.5439460748,4692339.768885601,19,4,T
1665801255.6738615,0,9256,0,GPS1_Frame,42.36474,-71.06514233333334,12.100000381469727,329946.5439460748,4692339.768885601,19,4,T
1665801256.6644495,0,9258,0,GPS1_Frame,42.36474,-71.06514233333334,12.100000381469727,329946.5439460748,4692339.768885601,19,4,T
1665801257.6608489,0,9259,0,GPS1_Frame,42.36474,-71.06514233333334,12.100000381469727,329946.5439460748,4692339.768885601,19,4,T
1665801258.6652899,0,9259,0,GPS1_Frame,42.36474,-71.06514233333334,12.100000381469727,329946.5439460748,4692339.768885601,19,4,T
1665801259.6552746,0,9261,0,GPS1_Frame,42.36474,-71.06514233333334,12.100000381469727,329946.5439460748,4692339.768885601,19,4,T
1665801260.6732197,0,9262,0,GPS1_Frame,42.36474,-71.06514233333334,12.199999809265137,329946.5439460748,4692339.768885601,19,4,T
1665801261.65615,0,9262,0,GPS1_Frame,42.36474,-71.06514233333334,12.199999809265137,329946.5439460748,4692339.768885601,19,4,T
1665801262.6710486,0,9264,0,GPS1_Frame,42.36474,-71.06514233333334,12.100000381469727,329946.5439460748,4692339.768885601,19,4,T
1665801263.6681879,0,9265,0,GPS1_Frame,42.36474,-71.06514233333334,12.100000381469727,329946.5439460748,4692339.768885601,19,4,T
1665801264.6588216,0,9266,0,GPS1_Frame,42.36474,-71.06514233333334,12.100000381469727,329946.5439460748,4692339.768885601,19,4,T
1665801265.666743,0,9267,0,GPS1_Frame,42.36474,-71.06514233333334,12.100000381469727,329946.5439460748,4692339.768885601,19,4,T
1665801266.6621327,0,9268,0,GPS1_Frame,42.36474,-71.06514233333334,12.100000381469727,329946.5439460748,4692339.768885601,19,4,T
1665801267.6760833,0,9269,0,GPS1_Frame,42.36474,-71.06514233333334,12.100000381469727,329946.5439460748,4692339.768885601,19,4,T
1665801268.672102,0,9270,0,GPS1_Frame,42.36474,-71.06514233333334,12.100000381469727,329946.5439460748,4692339.768885601,19,4,T
1665801269.6669216,0,9271,0,GPS1_Frame,42.36474,-71.06514233333334,12.100000381469727,329946.5439460748,4692339.768885601,19,4,T
1665801270.6831431,0,9272,0,GPS1_Frame,42.36474,-71.06514233333334,12.100000381469727,329946.5439460748,4692339.768885601,19,4,T
1665801271.679943,0,9273,0,GPS1_Frame,42.36474,-71.06514233333334,12.100000381469727,329946.5439460748,4692339.768885601,19,4,T
1665801272.6773105,0,9274,0,GPS1_Frame,42.364740166666664,-71.06514233333334,12.100000381469727,329946.5443957689,4692339.787392715,19,4,T
1665801273.66912,0,9275,0,GPS1_Frame,42.364740166666664,-71.06514233333334,12.100000381469727,329946.5443957689,4692339.787392715,19,4,T
1665801274.677089,0,9276,0,GPS1_Frame,42.364740166666664,-71.06514233333334,12.100000381469727,329946.5443957689,4692339.787392715,19,4,T
1665801275.6586514,0,9277,0,GPS1_Frame,42.364740166666664,-71.06514233333334,12.100000381469727,329946.5443957689,4692339.787392715,19,4,T
1665801276.6770122,0,9278,0,GPS1_Frame,42.364740166666664,-71.06514233333334,12.100000381469727,329946.5443957689,4692339.787392715,19,4,T
1665801277.6664927,0,9278,0,GPS1_Frame,42.36474,-71.06514233333334,12.100000381469727,329946.5439460748,4692339.768885601,19,4,T
1665801278.681453,0,9280,0,GPS1_Frame,42.36474,-71.06514233333334,12.100000381469727,329946.5439460748,4692339.768885601,19,4,T
1665801279.685681,0,9281,0,GPS1_Frame,42.36474,-71.06514233333334,12.100000381469727,329946.5439460748,4692339.768885601,19,4,T
1665801280.6716945,0,9281,0,GPS1_Frame,42.36474,-71.06514233333334,12.199999809265137,329946.5439460748,4692339.768885601,19,4,T
1665801281.681397,0,9283,0,GPS1_Frame,42.36474,-71.06514233333334,12.199999809265137,329946.5439460748,4692339.768885601,19,4,T
1665801282.6914608,0,9284,0,GPS1_Frame,42.364740166666664,-71.06514233333334,12.199999809265137,329946.5443957689,4692339.787392715,19,4,T
1665801283.6886456,0,9284,0,GPS1_Frame,42.364740166666664,-71.06514233333334,12.199999809265137,329946.5443957689,4692339.787392715,19,4,T
1665801284.6778934,0,9286,0,GPS1_Frame,42.364740166666664,-71.06514233333334,12.199999809265137,329946.5443957689,4692339.787392715,19,4,T
1665801285.6717796,0,9287,0,GPS1_Frame,42.364740166666664,-71.06514233333334,12.100000381469727,329946.5443957689,4692339.787392715,19,4,T
1665801286.6886423,0,9287,0,GPS1_Frame,42.36474,-71.06514233333334,12.100000381469727,329946.5439460748,4692339.768885601,19,4,T
1665801287.6776786,0,9289,0,GPS1_Frame,42.36474,-71.06514233333334,12.100000381469727,329946.5439460748,4692339.768885601,19,4,T
1665801288.6904123,0,9290,0,GPS1_Frame,42.36474,-71.06514233333334,12.199999809265137,329946.5439460748,4692339.768885601,19,4,T
1665801289.6814127,0,9291,0,GPS1_Frame,42.36474,-71.06514233333334,12.100000381469727,329946.5439460748,4692339.768885601,19,4,T
1665801290.6825988,0,9292,0,GPS1_Frame,42.36474,-71.06514233333334,12.199999809265137,329946.5439460748,4692339.768885601,19,4,T
1665801291.6955066,0,9293,0,GPS1_Frame,42.36474,-71.06514233333334,12.199999809265137,329946.5439460748,4692339.768885601,19,4,T
1665801292.6875877,0,9294,0,GPS1_Frame,42.36474,-71.06514233333334,12.199999809265137,329946.5439460748,4692339.768885601,19,4,T
1665801293.6690736,0,9295,0,GPS1_Frame,42.364740166666664,-71.06514233333334,12.100000381469727,329946.5443957689,4692339.787392715,19,4,T
1665801294.683391,0,9296,0,GPS1_Frame,42.36474,-71.06514233333334,12.100000381469727,329946.5439460748,4692339.768885601,19,4,T
1665801295.67377,0,9297,0,GPS1_Frame,42.36474,-71.06514233333334,12.100000381469727,329946.5439460748,4692339.768885601,19,4,T
1665801296.6828933,0,9298,0,GPS1_Frame,42.36474,-71.06514233333334,12.100000381469727,329946.5439460748,4692339.768885601,19,4,T
