Time,Header.seq,Header.stamp.secs,Header.stamp.nsecs,Header.frame_id,Latitude,Longitude,Altitude,UTM_easting,UTM_northing,Zone,Letter,GNSS_fix_quality
1665804899.101792,0,12899,0,GPS1_Frame,42.36349716666667,-71.06430333333333,11.899999618530273,330012.28195190825,4692200.082914967,19.0,T,4.0
1665804900.0912037,0,12900,0,GPS1_Frame,42.36349716666667,-71.06430316666666,11.899999618530273,330012.2956768449,4692200.082581615,19.0,T,4.0
1665804901.1012785,0,12901,0,GPS1_Frame,42.36349716666667,-71.06430316666666,11.899999618530273,330012.2956768449,4692200.082581615,19.0,T,4.0
1665804902.0888193,0,12902,0,GPS1_Frame,42.36349716666667,-71.06430333333333,11.899999618530273,330012.28195190825,4692200.082914967,19.0,T,4.0
1665804903.0985332,0,12903,0,GPS1_Frame,42.36349716666667,-71.06430316666666,11.899999618530273,330012.2956768449,4692200.082581615,19.0,T,4.0
1665804904.0896373,0,12904,0,GPS1_Frame,42.36349716666667,-71.06430316666666,11.899999618530273,330012.2956768449,4692200.082581615,19.0,T,4.0
1665804905.0999334,0,12905,0,GPS1_Frame,42.36349716666667,-71.06430316666666,11.899999618530273,330012.2956768449,4692200.082581615,19.0,T,4.0
1665804906.0903022,0,12906,0,GPS1_Frame,42.36349716666667,-71.06430316666666,11.899999618530273,330012.2956768449,4692200.082581615,19.0,T,4.0
1665804907.105733,0,12907,0,GPS1_Frame,42.36349716666667,-71.06430333333333,11.899999618530273,330012.28195190825,4692200.082914967,19.0,T,4.0
1665804908.0795586,0,12908,0,GPS1_Frame,42.36349716666667,-71.06430316666666,11.899999618530273,330012.2956768449,4692200.082581615,19.0,T,4.0
1665804909.1075306,0,12909,0,GPS1_Frame,42.36349716666667,-71.06430333333333,11.899999618530273,330012.28195190825,4692200.082914967,19.0,T,4.0
1665804910.1010902,0,12910,0,GPS1_Frame,42.36349716666667,-71.06430316666666,11.899999618530273,330012.2956768449,4692200.082581615,19.0,T,4.0
1665804911.1117604,0,12911,0,GPS1_Frame,42.36349716666667,-71.06430316666666,11.899999618530273,330012.2956768449,4692200.082581615,19.0,T,4.0
1665804912.0812926,0,12912,0,GPS1_Frame,42.36349716666667,-71.06430316666666,11.899999618530273,330012.2956768449,4692200.082581615,19.0,T,4.0
1665804913.0922043,0,12913,0,GPS1_Frame,42.36349716666667,-71.06430316666666,11.899999618530273,330012.2956768449,4692200.082581615,19.0,T,4.0
1665804914.0830288,0,12914,0,GPS1_Frame,42.36349716666667,-71.06430316666666,12.0,330012.2956768449,4692200.082581615,19.0,T,4.0
1665804915.0947826,0,12915,0,GPS1_Frame,42.36349716666667,-71.06430316666666,11.899999618530273,330012.2956768449,4692200.082581615,19.0,T,4.0
1665804916.0884848,0,12916,0,GPS1_Frame,42.36349716666667,-71.06430316666666,12.0,330012.2956768449,4692200.082581615,19.0,T,4.0
1665804917.097227,0,12917,0,GPS1_Frame,42.36349716666667,-71.06430316666666,12.0,330012.2956768449,4692200.082581615,19.0,T,4.0
1665804918.0923634,0,12918,0,GPS1_Frame,42.36349716666667,-71.06430316666666,12.0,330012.2956768449,4692200.082581615,19.0,T,4.0
1665804919.1017349,0,12919,0,GPS1_Frame,42.36349700000001,-71.06430316666666,11.899999618530273,330012.29522734456,4692200.064074506,19.0,T,4.0
1665804920.0752969,0,12920,0,GPS1_Frame,42.36349716666667,-71.06430316666666,12.0,330012.2956768449,4692200.082581615,19.0,T,4.0
1665804921.105417,0,12921,0,GPS1_Frame,42.36349716666667,-71.06430333333333,12.0,330012.28195190825,4692200.082914967,19.0,T,4.0
1665804922.0954757,0,12922,0,GPS1_Frame,42.36349716666667,-71.06430316666666,11.899999618530273,330012.2956768449,4692200.082581615,19.0,T,4.0
1665804923.105788,0,12923,0,GPS1_Frame,42.36349716666667,-71.06430333333333,11.899999618530273,330012.28195190825,4692200.082914967,19.0,T,4.0
1665804924.0941997,0,12924,0,GPS1_Frame,42.36349716666667,-71.06430316666666,11.899999618530273,330012.2956768449,4692200.082581615,19.0,T,4.0
1665804925.1044405,0,12925,0,GPS1_Frame,42.36349716666667,-71.06430333333333,11.899999618530273,330012.28195190825,4692200.082914967,19.0,T,4.0
1665804926.0787332,0,12926,0,GPS1_Frame,42.36349716666667,-71.06430333333333,11.899999618530273,330012.28195190825,4692200.082914967,19.0,T,4.0
1665804927.093641,0,12927,0,GPS1_Frame,42.36349716666667,-71.06430333333333,11.899999618530273,330012.28195190825,4692200.082914967,19.0,T,4.0
1665804928.0807528,0,12928,0,GPS1_Frame,42.36349716666667,-71.06430333333333,11.899999618530273,330012.28195190825,4692200.082914967,19.0,T,4.0
1665804929.0982332,0,12929,0,GPS1_Frame,42.36349716666667,-71.06430316666666,11.899999618530273,330012.2956768449,4692200.082581615,19.0,T,4.0
1665804930.0927916,0,12930,0,GPS1_Frame,42.36349716666667,-71.06430316666666,11.899999618530273,330012.2956768449,4692200.082581615,19.0,T,4.0
1665804931.109768,0,12931,0,GPS1_Frame,42.36349716666667,-71.06430333333333,11.899999618530273,330012.28195190825,4692200.082914967,19.0,T,4.0
1665804932.0865629,0,12932,0,GPS1_Frame,42.36349716666667,-71.06430333333333,11.899999618530273,330012.28195190825,4692200.082914967,19.0,T,4.0
1665804933.0993547,0,12933,0,GPS1_Frame,42.36349716666667,-71.06430333333333,11.899999618530273,330012.28195190825,4692200.082914967,19.0,T,4.0
1665804934.0971727,0,12934,0,GPS1_Frame,42.36349716666667,-71.06430333333333,11.899999618530273,330012.28195190825,4692200.082914967,19.0,T,4.0
1665804935.0928705,0,12935,0,GPS1_Frame,42.36349716666667,-71.06430333333333,11.899999618530273,330012.28195190825,4692200.082914967,19.0,T,4.0
1665804936.0883627,0,12936,0,GPS1_Frame,42.36349716666667,-71.06430333333333,11.899999618530273,330012.28195190825,4692200.082914967,19.0,T,4.0
1665804937.103003,0,12937,0,GPS1_Frame,42.36349716666667,-71.06430333333333,11.899999618530273,330012.28195190825,4692200.082914967,19.0,T,4.0
1665804938.0998893,0,12938,0,GPS1_Frame,42.36349700000001,-71.06430333333333,11.899999618530273,330012.28150240786,4692200.064407857,19.0,T,4.0
1665804939.0925677,0,12939,0,GPS1_Frame,42.36349700000001,-71.06430333333333,12.0,330012.28150240786,4692200.064407857,19.0,T,4.0
1665804940.0761516,0,12940,0,GPS1_Frame,42.36349700000001,-71.06430333333333,12.0,330012.28150240786,4692200.064407857,19.0,T,4.0
1665804941.0926542,0,12941,0,GPS1_Frame,42.36349700000001,-71.06430333333333,12.0,330012.28150240786,4692200.064407857,19.0,T,4.0
1665804942.0874145,0,12942,0,GPS1_Frame,42.36349716666667,-71.06430333333333,12.0,330012.28195190825,4692200.082914967,19.0,T,4.0
1665804943.1009574,0,12943,0,GPS1_Frame,42.36349700000001,-71.06430333333333,12.0,330012.28150240786,4692200.064407857,19.0,T,4.0
1665804944.0914633,0,12944,0,GPS1_Frame,42.36349716666667,-71.06430333333333,11.899999618530273,330012.28195190825,4692200.082914967,19.0,T,4.0
1665804945.1043668,0,12945,0,GPS1_Frame,42.36349716666667,-71.06430333333333,12.0,330012.28195190825,4692200.082914967,19.0,T,4.0
1665804946.0793767,0,12946,0,GPS1_Frame,42.36349700000001,-71.06430333333333,12.0,330012.28150240786,4692200.064407857,19.0,T,4.0
1665804947.092786,0,12947,0,GPS1_Frame,42.36349716666667,-71.06430333333333,11.899999618530273,330012.28195190825,4692200.082914967,19.0,T,4.0
1665804948.0848327,0,12948,0,GPS1_Frame,42.36349716666667,-71.06430333333333,12.0,330012.28195190825,4692200.082914967,19.0,T,4.0
1665804949.0967453,0,12949,0,GPS1_Frame,42.36349716666667,-71.06430350000001,11.899999618530273,330012.2682269716,4692200.083248318,19.0,T,4.0
1665804950.090316,0,12950,0,GPS1_Frame,42.36349716666667,-71.06430333333333,11.899999618530273,330012.28195190825,4692200.082914967,19.0,T,4.0
1665804951.1023073,0,12951,0,GPS1_Frame,42.36349716666667,-71.06430333333333,11.899999618530273,330012.28195190825,4692200.082914967,19.0,T,4.0
1665804952.098799,0,12952,0,GPS1_Frame,42.36349716666667,-71.06430333333333,12.0,330012.28195190825,4692200.082914967,19.0,T,4.0
1665804953.1114361,0,12953,0,GPS1_Frame,42.36349716666667,-71.06430333333333,12.0,330012.28195190825,4692200.082914967,19.0,T,4.0
1665804954.0875413,0,12954,0,GPS1_Frame,42.36349716666667,-71.06430333333333,12.0,330012.28195190825,4692200.082914967,19.0,T,4.0
1665804955.0974073,0,12955,0,GPS1_Frame,42.36349716666667,-71.06430333333333,12.0,330012.28195190825,4692200.082914967,19.0,T,4.0
1665804956.0934722,0,12956,0,GPS1_Frame,42.36349716666667,-71.06430333333333,12.0,330012.28195190825,4692200.082914967,19.0,T,4.0
1665804957.106193,0,12957,0,GPS1_Frame,42.36349700000001,-71.06430333333333,12.0,330012.28150240786,4692200.064407857,19.0,T,4.0
1665804958.0783148,0,12958,0,GPS1_Frame,42.36349700000001,-71.06430333333333,12.0,330012.28150240786,4692200.064407857,19.0,T,4.0
1665804959.093127,0,12959,0,GPS1_Frame,42.36349716666667,-71.06430333333333,12.0,330012.28195190825,4692200.082914967,19.0,T,4.0
1665804960.090432,0,12960,0,GPS1_Frame,42.36349716666667,-71.06430350000001,12.0,330012.2682269716,4692200.083248318,19.0,T,4.0
1665804961.1074297,0,12961,0,GPS1_Frame,42.36349700000001,-71.06430333333333,12.0,330012.28150240786,4692200.064407857,19.0,T,4.0
1665804962.0818675,0,12962,0,GPS1_Frame,42.36349700000001,-71.06430333333333,12.0,330012.28150240786,4692200.064407857,19.0,T,4.0
1665804963.1010573,0,12963,0,GPS1_Frame,42.36349700000001,-71.06430333333333,12.0,330012.28150240786,4692200.064407857,19.0,T,4.0
1665804964.094044,0,12964,0,GPS1_Frame,42.36349700000001,-71.06430333333333,12.0,330012.28150240786,4692200.064407857,19.0,T,4.0
1665804965.1029165,0,12965,0,GPS1_Frame,42.36349700000001,-71.06430333333333,12.0,330012.28150240786,4692200.064407857,19.0,T,4.0
1665804966.077881,0,12966,0,GPS1_Frame,42.36349700000001,-71.06430333333333,12.0,330012.28150240786,4692200.064407857,19.0,T,4.0
1665804967.1134498,0,12967,0,GPS1_Frame,42.36349700000001,-71.06430333333333,12.0,330012.28150240786,4692200.064407857,19.0,T,4.0
1665804968.0844736,0,12968,0,GPS1_Frame,42.36349700000001,-71.06430333333333,12.0,330012.28150240786,4692200.064407857,19.0,T,4.0
1665804969.102469,0,12969,0,GPS1_Frame,42.36349700000001,-71.06430333333333,12.0,330012.28150240786,4692200.064407857,19.0,T,4.0
1665804970.0938516,0,12970,0,GPS1_Frame,42.36349700000001,-71.06430350000001,11.899999618530273,330012.2677774712,4692200.064741207,19.0,T,4.0
1665804971.10747,0,12971,0,GPS1_Frame,42.36349700000001,-71.06430350000001,11.899999618530273,330012.2677774712,4692200.064741207,19.0,T,4.0
1665804972.0793252,0,12972,0,GPS1_Frame,42.36349716666667,-71.06430366666667,11.899999618530273,330012.254502035,4692200.083581668,19.0,T,4.0
1665804973.095205,0,12973,0,GPS1_Frame,42.36349716666667,-71.06430366666667,11.899999618530273,330012.254502035,4692200.083581668,19.0,T,4.0
1665804974.089323,0,12974,0,GPS1_Frame,42.36349700000001,-71.06430350000001,11.899999618530273,330012.2677774712,4692200.064741207,19.0,T,4.0
1665804975.104501,0,12975,0,GPS1_Frame,42.36349700000001,-71.06430350000001,12.0,330012.2677774712,4692200.064741207,19.0,T,4.0
1665804976.0827725,0,12976,0,GPS1_Frame,42.36349700000001,-71.06430350000001,11.899999618530273,330012.2677774712,4692200.064741207,19.0,T,4.0
1665804977.0977495,0,12977,0,GPS1_Frame,42.36349716666667,-71.06430350000001,12.0,330012.2682269716,4692200.083248318,19.0,T,4.0
1665804978.09584,0,12978,0,GPS1_Frame,42.36349716666667,-71.06430350000001,11.899999618530273,330012.2682269716,4692200.083248318,19.0,T,4.0
1665804979.1058047,0,12979,0,GPS1_Frame,42.36349716666667,-71.06430366666667,11.899999618530273,330012.254502035,4692200.083581668,19.0,T,4.0
1665804980.0799468,0,12980,0,GPS1_Frame,42.36349716666667,-71.06430350000001,11.899999618530273,330012.2682269716,4692200.083248318,19.0,T,4.0
1665804981.0925896,0,12981,0,GPS1_Frame,42.36349716666667,-71.06430350000001,11.899999618530273,330012.2682269716,4692200.083248318,19.0,T,4.0
1665804982.084626,0,12982,0,GPS1_Frame,42.36349716666667,-71.06430333333333,11.899999618530273,330012.28195190825,4692200.082914967,19.0,T,4.0
1665804983.0989044,0,12983,0,GPS1_Frame,42.36349716666667,-71.06430350000001,11.899999618530273,330012.2682269716,4692200.083248318,19.0,T,4.0
1665804984.090535,0,12984,0,GPS1_Frame,42.36349716666667,-71.06430350000001,11.899999618530273,330012.2682269716,4692200.083248318,19.0,T,4.0
1665804985.102072,0,12985,0,GPS1_Frame,42.36349716666667,-71.06430350000001,11.899999618530273,330012.2682269716,4692200.083248318,19.0,T,4.0
1665804986.093485,0,12986,0,GPS1_Frame,42.36349716666667,-71.06430350000001,11.899999618530273,330012.2682269716,4692200.083248318,19.0,T,4.0
1665804987.1080675,0,12987,0,GPS1_Frame,42.36349716666667,-71.06430333333333,11.899999618530273,330012.28195190825,4692200.082914967,19.0,T,4.0
1665804988.100159,0,12988,0,GPS1_Frame,42.36349716666667,-71.06430333333333,11.899999618530273,330012.28195190825,4692200.082914967,19.0,T,4.0
1665804989.1152391,0,12989,0,GPS1_Frame,42.36349716666667,-71.06430333333333,11.899999618530273,330012.28195190825,4692200.082914967,19.0,T,4.0
1665804990.0860806,0,12990,0,GPS1_Frame,42.36349716666667,-71.06430350000001,11.899999618530273,330012.2682269716,4692200.083248318,19.0,T,4.0
1665804991.1001923,0,12991,0,GPS1_Frame,42.36349716666667,-71.06430350000001,11.899999618530273,330012.2682269716,4692200.083248318,19.0,T,4.0
1665804992.0910501,0,12992,0,GPS1_Frame,42.36349716666667,-71.06430350000001,11.899999618530273,330012.2682269716,4692200.083248318,19.0,T,4.0
1665804993.106603,0,12993,0,GPS1_Frame,42.36349716666667,-71.06430333333333,11.899999618530273,330012.28195190825,4692200.082914967,19.0,T,4.0
1665804994.078064,0,12994,0,GPS1_Frame,42.36349716666667,-71.06430333333333,11.899999618530273,330012.28195190825,4692200.082914967,19.0,T,4.0
1665804995.0938766,0,12995,0,GPS1_Frame,42.36349700000001,-71.06430350000001,11.899999618530273,330012.2677774712,4692200.064741207,19.0,T,4.0
1665804996.0830266,0,12996,0,GPS1_Frame,42.36349700000001,-71.06430350000001,11.899999618530273,330012.2677774712,4692200.064741207,19.0,T,4.0
1665804997.1130536,0,12997,0,GPS1_Frame,42.36349716666667,-71.06430350000001,11.899999618530273,330012.2682269716,4692200.083248318,19.0,T,4.0
1665804998.0863874,0,12998,0,GPS1_Frame,42.36349700000001,-71.06430350000001,11.899999618530273,330012.2677774712,4692200.064741207,19.0,T,4.0
1665804999.0996265,0,12999,0,GPS1_Frame,42.36349700000001,-71.06430333333333,11.899999618530273,330012.28150240786,4692200.064407857,19.0,T,4.0
1665805000.0933478,0,13000,0,GPS1_Frame,42.36349700000001,-71.06430350000001,11.899999618530273,330012.2677774712,4692200.064741207,19.0,T,4.0
1665805001.1079988,0,13001,0,GPS1_Frame,42.36349716666667,-71.06430350000001,11.899999618530273,330012.2682269716,4692200.083248318,19.0,T,4.0
1665805002.0796864,0,13002,0,GPS1_Frame,42.36349700000001,-71.06430350000001,11.899999618530273,330012.2677774712,4692200.064741207,19.0,T,4.0
1665805003.1112201,0,13003,0,GPS1_Frame,42.36349716666667,-71.06430350000001,11.899999618530273,330012.2682269716,4692200.083248318,19.0,T,4.0
1665805004.0846803,0,13004,0,GPS1_Frame,42.36349700000001,-71.06430350000001,11.899999618530273,330012.2677774712,4692200.064741207,19.0,T,4.0
1665805005.1018293,0,13005,0,GPS1_Frame,42.36349716666667,-71.06430350000001,11.899999618530273,330012.2682269716,4692200.083248318,19.0,T,4.0
1665805006.0989287,0,13006,0,GPS1_Frame,42.36349716666667,-71.06430350000001,11.899999618530273,330012.2682269716,4692200.083248318,19.0,T,4.0
1665805007.1147015,0,13007,0,GPS1_Frame,42.36349716666667,-71.06430350000001,11.899999618530273,330012.2682269716,4692200.083248318,19.0,T,4.0
1665805008.085214,0,13008,0,GPS1_Frame,42.36349716666667,-71.06430350000001,11.899999618530273,330012.2682269716,4692200.083248318,19.0,T,4.0
1665805009.098826,0,13009,0,GPS1_Frame,42.36349716666667,-71.06430350000001,11.899999618530273,330012.2682269716,4692200.083248318,19.0,T,4.0
1665805010.0970826,0,13010,0,GPS1_Frame,42.36349716666667,-71.06430350000001,11.899999618530273,330012.2682269716,4692200.083248318,19.0,T,4.0
1665805011.1090472,0,13011,0,GPS1_Frame,42.36349716666667,-71.06430350000001,11.899999618530273,330012.2682269716,4692200.083248318,19.0,T,4.0
1665805012.098398,0,13012,0,GPS1_Frame,42.36349716666667,-71.06430350000001,11.899999618530273,330012.2682269716,4692200.083248318,19.0,T,4.0
1665805013.1120207,0,13013,0,GPS1_Frame,42.36349716666667,-71.06430333333333,11.899999618530273,330012.28195190825,4692200.082914967,19.0,T,4.0
1665805014.0892563,0,13014,0,GPS1_Frame,42.36349716666667,-71.06430333333333,11.899999618530273,330012.28195190825,4692200.082914967,19.0,T,4.0
1665805015.103953,0,13015,0,GPS1_Frame,42.36349716666667,-71.06430333333333,11.899999618530273,330012.28195190825,4692200.082914967,19.0,T,4.0
1665805016.092046,0,13016,0,GPS1_Frame,42.36349716666667,-71.06430333333333,11.899999618530273,330012.28195190825,4692200.082914967,19.0,T,4.0
1665805017.1081467,0,13017,0,GPS1_Frame,42.36349716666667,-71.06430350000001,11.899999618530273,330012.2682269716,4692200.083248318,19.0,T,4.0
1665805018.104889,0,13018,0,GPS1_Frame,42.36349716666667,-71.06430350000001,11.899999618530273,330012.2682269716,4692200.083248318,19.0,T,4.0
1665805019.1186798,0,13019,0,GPS1_Frame,42.363497333333335,-71.06430350000001,11.899999618530273,330012.26867647213,4692200.101755428,19.0,T,4.0
1665805020.0882902,0,13020,0,GPS1_Frame,42.36349716666667,-71.06430333333333,11.899999618530273,330012.28195190825,4692200.082914967,19.0,T,4.0
1665805021.1038995,0,13021,0,GPS1_Frame,42.36349716666667,-71.06430333333333,11.899999618530273,330012.28195190825,4692200.082914967,19.0,T,4.0
1665805022.096757,0,13022,0,GPS1_Frame,42.36349716666667,-71.06430333333333,11.899999618530273,330012.28195190825,4692200.082914967,19.0,T,4.0
1665805023.111036,0,13023,0,GPS1_Frame,42.36349716666667,-71.06430333333333,12.0,330012.28195190825,4692200.082914967,19.0,T,4.0
1665805024.0862234,0,13024,0,GPS1_Frame,42.36349716666667,-71.06430333333333,12.0,330012.28195190825,4692200.082914967,19.0,T,4.0
1665805025.10475,0,13025,0,GPS1_Frame,42.36349716666667,-71.06430350000001,11.899999618530273,330012.2682269716,4692200.083248318,19.0,T,4.0
1665805026.1017401,0,13026,0,GPS1_Frame,42.363497333333335,-71.06430350000001,11.899999618530273,330012.26867647213,4692200.101755428,19.0,T,4.0
1665805027.1128118,0,13027,0,GPS1_Frame,42.36349716666667,-71.06430350000001,12.0,330012.2682269716,4692200.083248318,19.0,T,4.0
1665805028.0908496,0,13028,0,GPS1_Frame,42.36349716666667,-71.06430333333333,12.0,330012.28195190825,4692200.082914967,19.0,T,4.0
1665805029.1024916,0,13029,0,GPS1_Frame,42.36349716666667,-71.06430333333333,12.0,330012.28195190825,4692200.082914967,19.0,T,4.0
1665805030.100663,0,13030,0,GPS1_Frame,42.36349716666667,-71.06430333333333,11.899999618530273,330012.28195190825,4692200.082914967,19.0,T,4.0
1665805031.1127298,0,13031,0,GPS1_Frame,42.36349716666667,-71.06430350000001,11.899999618530273,330012.2682269716,4692200.083248318,19.0,T,4.0
1665805032.0922086,0,13032,0,GPS1_Frame,42.36349716666667,-71.06430350000001,11.899999618530273,330012.2682269716,4692200.083248318,19.0,T,4.0
1665805033.1052926,0,13033,0,GPS1_Frame,42.36349716666667,-71.06430350000001,11.899999618530273,330012.2682269716,4692200.083248318,19.0,T,4.0
1665805034.1007736,0,13034,0,GPS1_Frame,42.36349716666667,-71.06430350000001,11.899999618530273,330012.2682269716,4692200.083248318,19.0,T,4.0
1665805035.11376,0,13035,0,GPS1_Frame,42.36349716666667,-71.06430350000001,11.899999618530273,330012.2682269716,4692200.083248318,19.0,T,4.0
1665805036.0930037,0,13036,0,GPS1_Frame,42.36349716666667,-71.06430350000001,11.899999618530273,330012.2682269716,4692200.083248318,19.0,T,4.0
1665805037.1114216,0,13037,0,GPS1_Frame,42.36349716666667,-71.06430350000001,11.899999618530273,330012.2682269716,4692200.083248318,19.0,T,4.0
1665805038.0848699,0,13038,0,GPS1_Frame,42.36349716666667,-71.06430350000001,11.899999618530273,330012.2682269716,4692200.083248318,19.0,T,4.0
1665805039.125716,0,13039,0,GPS1_Frame,42.36349716666667,-71.06430333333333,11.899999618530273,330012.28195190825,4692200.082914967,19.0,T,4.0
1665805040.100987,0,13040,0,GPS1_Frame,42.36349700000001,-71.06430350000001,11.899999618530273,330012.2677774712,4692200.064741207,19.0,T,4.0
1665805041.115558,0,13041,0,GPS1_Frame,42.36349700000001,-71.06430350000001,11.899999618530273,330012.2677774712,4692200.064741207,19.0,T,4.0
1665805042.0915523,0,13042,0,GPS1_Frame,42.36349700000001,-71.06430350000001,11.899999618530273,330012.2677774712,4692200.064741207,19.0,T,4.0
1665805043.1086683,0,13043,0,GPS1_Frame,42.36349700000001,-71.06430350000001,11.899999618530273,330012.2677774712,4692200.064741207,19.0,T,4.0
1665805044.097452,0,13044,0,GPS1_Frame,42.36349716666667,-71.06430350000001,11.899999618530273,330012.2682269716,4692200.083248318,19.0,T,4.0
1665805045.1125817,0,13045,0,GPS1_Frame,42.36349700000001,-71.06430350000001,11.899999618530273,330012.2677774712,4692200.064741207,19.0,T,4.0
1665805046.109337,0,13046,0,GPS1_Frame,42.36349716666667,-71.06430350000001,11.899999618530273,330012.2682269716,4692200.083248318,19.0,T,4.0
1665805047.1086507,0,13047,0,GPS1_Frame,42.36349716666667,-71.06430350000001,11.899999618530273,330012.2682269716,4692200.083248318,19.0,T,4.0
1665805048.1001499,0,13048,0,GPS1_Frame,42.36349716666667,-71.06430350000001,11.899999618530273,330012.2682269716,4692200.083248318,19.0,T,4.0
1665805049.1136432,0,13049,0,GPS1_Frame,42.36349716666667,-71.06430350000001,11.899999618530273,330012.2682269716,4692200.083248318,19.0,T,4.0
1665805050.0928512,0,13050,0,GPS1_Frame,42.36349716666667,-71.06430333333333,11.899999618530273,330012.28195190825,4692200.082914967,19.0,T,4.0
1665805051.1089272,0,13051,0,GPS1_Frame,42.36349716666667,-71.06430333333333,11.899999618530273,330012.28195190825,4692200.082914967,19.0,T,4.0
1665805052.101103,0,13052,0,GPS1_Frame,42.36349716666667,-71.06430333333333,11.899999618530273,330012.28195190825,4692200.082914967,19.0,T,4.0
1665805053.1136584,0,13053,0,GPS1_Frame,42.36349716666667,-71.06430333333333,11.899999618530273,330012.28195190825,4692200.082914967,19.0,T,4.0
1665805054.098064,0,13054,0,GPS1_Frame,42.36349716666667,-71.06430333333333,11.899999618530273,330012.28195190825,4692200.082914967,19.0,T,4.0
1665805055.1146605,0,13055,0,GPS1_Frame,42.36349716666667,-71.06430333333333,11.899999618530273,330012.28195190825,4692200.082914967,19.0,T,4.0
1665805056.0892248,0,13056,0,GPS1_Frame,42.36349716666667,-71.06430316666666,11.899999618530273,330012.2956768449,4692200.082581615,19.0,T,4.0
1665805057.1057003,0,13057,0,GPS1_Frame,42.36349716666667,-71.06430333333333,11.899999618530273,330012.28195190825,4692200.082914967,19.0,T,4.0
1665805058.1012454,0,13058,0,GPS1_Frame,42.36349716666667,-71.06430333333333,11.899999618530273,330012.28195190825,4692200.082914967,19.0,T,4.0
1665805059.1224642,0,13059,0,GPS1_Frame,42.36349716666667,-71.06430316666666,11.899999618530273,330012.2956768449,4692200.082581615,19.0,T,4.0
1665805060.0972726,0,13060,0,GPS1_Frame,42.36349716666667,-71.06430316666666,11.899999618530273,330012.2956768449,4692200.082581615,19.0,T,4.0
1665805061.1181364,0,13061,0,GPS1_Frame,42.36349716666667,-71.06430316666666,11.899999618530273,330012.2956768449,4692200.082581615,19.0,T,4.0
1665805062.0919354,0,13062,0,GPS1_Frame,42.36349716666667,-71.06430333333333,11.899999618530273,330012.28195190825,4692200.082914967,19.0,T,4.0
1665805063.1029055,0,13063,0,GPS1_Frame,42.36349716666667,-71.06430316666666,11.899999618530273,330012.2956768449,4692200.082581615,19.0,T,4.0
1665805064.099454,0,13064,0,GPS1_Frame,42.36349716666667,-71.06430333333333,11.899999618530273,330012.28195190825,4692200.082914967,19.0,T,4.0
1665805065.1094275,0,13065,0,GPS1_Frame,42.36349716666667,-71.06430333333333,11.899999618530273,330012.28195190825,4692200.082914967,19.0,T,4.0
1665805066.09836,0,13066,0,GPS1_Frame,42.36349716666667,-71.06430333333333,11.899999618530273,330012.28195190825,4692200.082914967,19.0,T,4.0
1665805067.1119986,0,13067,0,GPS1_Frame,42.36349716666667,-71.06430333333333,11.899999618530273,330012.28195190825,4692200.082914967,19.0,T,4.0
1665805068.1047945,0,13068,0,GPS1_Frame,42.36349716666667,-71.06430333333333,11.899999618530273,330012.28195190825,4692200.082914967,19.0,T,4.0
1665805069.119336,0,13069,0,GPS1_Frame,42.36349716666667,-71.06430333333333,11.899999618530273,330012.28195190825,4692200.082914967,19.0,T,4.0
1665805070.0930831,0,13070,0,GPS1_Frame,42.36349716666667,-71.06430333333333,11.899999618530273,330012.28195190825,4692200.082914967,19.0,T,4.0
1665805071.1091,0,13071,0,GPS1_Frame,42.36349716666667,-71.06430333333333,11.899999618530273,330012.28195190825,4692200.082914967,19.0,T,4.0
1665805072.105617,0,13072,0,GPS1_Frame,42.36349716666667,-71.06430333333333,11.899999618530273,330012.28195190825,4692200.082914967,19.0,T,4.0
1665805073.1206026,0,13073,0,GPS1_Frame,42.36349716666667,-71.06430350000001,11.899999618530273,330012.2682269716,4692200.083248318,19.0,T,4.0
1665805074.0949385,0,13074,0,GPS1_Frame,42.36349716666667,-71.06430350000001,11.899999618530273,330012.2682269716,4692200.083248318,19.0,T,4.0
1665805075.109731,0,13075,0,GPS1_Frame,42.36349716666667,-71.06430350000001,11.899999618530273,330012.2682269716,4692200.083248318,19.0,T,4.0
1665805076.098426,0,13076,0,GPS1_Frame,42.36349716666667,-71.06430350000001,11.899999618530273,330012.2682269716,4692200.083248318,19.0,T,4.0
1665805077.111065,0,13077,0,GPS1_Frame,42.36349716666667,-71.06430350000001,11.899999618530273,330012.2682269716,4692200.083248318,19.0,T,4.0
1665805078.1034274,0,13078,0,GPS1_Frame,42.36349716666667,-71.06430350000001,11.899999618530273,330012.2682269716,4692200.083248318,19.0,T,4.0
1665805079.116042,0,13079,0,GPS1_Frame,42.36349716666667,-71.06430350000001,11.899999618530273,330012.2682269716,4692200.083248318,19.0,T,4.0
1665805080.1081882,0,13080,0,GPS1_Frame,42.36349716666667,-71.06430350000001,11.899999618530273,330012.2682269716,4692200.083248318,19.0,T,4.0
1665805081.11653,0,13081,0,GPS1_Frame,42.36349716666667,-71.06430350000001,11.899999618530273,330012.2682269716,4692200.083248318,19.0,T,4.0
1665805082.1078715,0,13082,0,GPS1_Frame,42.36349716666667,-71.06430350000001,11.899999618530273,330012.2682269716,4692200.083248318,19.0,T,4.0
1665805083.1219697,0,13083,0,GPS1_Frame,42.36349716666667,-71.06430350000001,11.899999618530273,330012.2682269716,4692200.083248318,19.0,T,4.0
1665805084.090673,0,13084,0,GPS1_Frame,42.36349716666667,-71.06430350000001,11.899999618530273,330012.2682269716,4692200.083248318,19.0,T,4.0
1665805085.106828,0,13085,0,GPS1_Frame,42.36349716666667,-71.06430333333333,11.899999618530273,330012.28195190825,4692200.082914967,19.0,T,4.0
1665805086.1002715,0,13086,0,GPS1_Frame,42.36349716666667,-71.06430350000001,11.899999618530273,330012.2682269716,4692200.083248318,19.0,T,4.0
1665805087.1177905,0,13087,0,GPS1_Frame,42.36349716666667,-71.06430350000001,11.899999618530273,330012.2682269716,4692200.083248318,19.0,T,4.0
1665805088.0887945,0,13088,0,GPS1_Frame,42.36349716666667,-71.06430333333333,11.899999618530273,330012.28195190825,4692200.082914967,19.0,T,4.0
1665805089.126653,0,13089,0,GPS1_Frame,42.36349716666667,-71.06430333333333,11.899999618530273,330012.28195190825,4692200.082914967,19.0,T,4.0
1665805090.10594,0,13090,0,GPS1_Frame,42.36349716666667,-71.06430333333333,11.899999618530273,330012.28195190825,4692200.082914967,19.0,T,4.0
1665805091.1186607,0,13091,0,GPS1_Frame,42.36349716666667,-71.06430333333333,11.899999618530273,330012.28195190825,4692200.082914967,19.0,T,4.0
1665805092.0945275,0,13092,0,GPS1_Frame,42.36349716666667,-71.06430333333333,11.899999618530273,330012.28195190825,4692200.082914967,19.0,T,4.0
1665805093.1106243,0,13093,0,GPS1_Frame,42.36349716666667,-71.06430333333333,11.899999618530273,330012.28195190825,4692200.082914967,19.0,T,4.0
1665805094.1050162,0,13094,0,GPS1_Frame,42.36349716666667,-71.06430333333333,11.899999618530273,330012.28195190825,4692200.082914967,19.0,T,4.0
1665805095.1211812,0,13095,0,GPS1_Frame,42.36349716666667,-71.06430333333333,11.899999618530273,330012.28195190825,4692200.082914967,19.0,T,4.0
1665805096.0956187,0,13096,0,GPS1_Frame,42.36349716666667,-71.06430350000001,11.899999618530273,330012.2682269716,4692200.083248318,19.0,T,4.0
1665805097.1128652,0,13097,0,GPS1_Frame,42.36349716666667,-71.06430350000001,11.899999618530273,330012.2682269716,4692200.083248318,19.0,T,4.0
1665805098.1101763,0,13098,0,GPS1_Frame,42.36349716666667,-71.06430350000001,11.899999618530273,330012.2682269716,4692200.083248318,19.0,T,4.0
1665805099.1305757,0,13099,0,GPS1_Frame,42.36349716666667,-71.06430350000001,11.899999618530273,330012.2682269716,4692200.083248318,19.0,T,4.0
1665805100.1056983,0,13100,0,GPS1_Frame,42.36349716666667,-71.06430350000001,11.899999618530273,330012.2682269716,4692200.083248318,19.0,T,4.0
1665805101.1253707,0,13101,0,GPS1_Frame,42.36349716666667,-71.06430350000001,11.899999618530273,330012.2682269716,4692200.083248318,19.0,T,4.0
1665805102.1015317,0,13102,0,GPS1_Frame,42.36349716666667,-71.06430350000001,11.899999618530273,330012.2682269716,4692200.083248318,19.0,T,4.0
1665805103.1156409,0,13103,0,GPS1_Frame,42.36349716666667,-71.06430350000001,11.899999618530273,330012.2682269716,4692200.083248318,19.0,T,4.0
1665805104.1090653,0,13104,0,GPS1_Frame,42.36349716666667,-71.06430350000001,11.899999618530273,330012.2682269716,4692200.083248318,19.0,T,4.0
1665805105.126783,0,13105,0,GPS1_Frame,42.36349716666667,-71.06430366666667,11.899999618530273,330012.254502035,4692200.083581668,19.0,T,4.0
1665805106.1028113,0,13106,0,GPS1_Frame,42.36349716666667,-71.06430350000001,11.899999618530273,330012.2682269716,4692200.083248318,19.0,T,4.0
1665805107.1193726,0,13107,0,GPS1_Frame,42.36349716666667,-71.06430350000001,11.899999618530273,330012.2682269716,4692200.083248318,19.0,T,4.0
1665805108.1167727,0,13108,0,GPS1_Frame,42.36349716666667,-71.06430350000001,11.899999618530273,330012.2682269716,4692200.083248318,19.0,T,4.0
1665805109.11589,0,13109,0,GPS1_Frame,42.36349716666667,-71.06430350000001,11.899999618530273,330012.2682269716,4692200.083248318,19.0,T,4.0
1665805110.0946438,0,13110,0,GPS1_Frame,42.36349716666667,-71.06430350000001,11.899999618530273,330012.2682269716,4692200.083248318,19.0,T,4.0
1665805111.1315095,0,13111,0,GPS1_Frame,42.36349716666667,-71.06430350000001,11.899999618530273,330012.2682269716,4692200.083248318,19.0,T,4.0
1665805112.1107128,0,13112,0,GPS1_Frame,42.36349716666667,-71.06430350000001,11.899999618530273,330012.2682269716,4692200.083248318,19.0,T,4.0
1665805113.1266413,0,13113,0,GPS1_Frame,42.36349716666667,-71.06430350000001,11.899999618530273,330012.2682269716,4692200.083248318,19.0,T,4.0
1665805114.099765,0,13114,0,GPS1_Frame,42.36349716666667,-71.06430333333333,11.899999618530273,330012.28195190825,4692200.082914967,19.0,T,4.0
1665805115.1156576,0,13115,0,GPS1_Frame,42.36349716666667,-71.06430333333333,11.899999618530273,330012.28195190825,4692200.082914967,19.0,T,4.0
1665805116.11085,0,13116,0,GPS1_Frame,42.36349700000001,-71.06430333333333,12.0,330012.28150240786,4692200.064407857,19.0,T,4.0
1665805117.1265042,0,13117,0,GPS1_Frame,42.36349700000001,-71.06430316666666,11.899999618530273,330012.29522734456,4692200.064074506,19.0,T,4.0
1665805118.1006236,0,13118,0,GPS1_Frame,42.36349716666667,-71.06430316666666,11.899999618530273,330012.2956768449,4692200.082581615,19.0,T,4.0
1665805119.1134276,0,13119,0,GPS1_Frame,42.36349716666667,-71.06430333333333,11.899999618530273,330012.28195190825,4692200.082914967,19.0,T,4.0
1665805120.1075232,0,13120,0,GPS1_Frame,42.36349716666667,-71.06430333333333,11.899999618530273,330012.28195190825,4692200.082914967,19.0,T,4.0
1665805121.12262,0,13121,0,GPS1_Frame,42.36349716666667,-71.06430333333333,11.899999618530273,330012.28195190825,4692200.082914967,19.0,T,4.0
1665805122.1120892,0,13122,0,GPS1_Frame,42.36349700000001,-71.06430333333333,11.899999618530273,330012.28150240786,4692200.064407857,19.0,T,4.0
1665805123.1315784,0,13123,0,GPS1_Frame,42.36349716666667,-71.06430333333333,11.899999618530273,330012.28195190825,4692200.082914967,19.0,T,4.0
1665805124.105411,0,13124,0,GPS1_Frame,42.36349716666667,-71.06430333333333,11.899999618530273,330012.28195190825,4692200.082914967,19.0,T,4.0
1665805125.115288,0,13125,0,GPS1_Frame,42.36349716666667,-71.06430333333333,11.899999618530273,330012.28195190825,4692200.082914967,19.0,T,4.0
1665805126.0951388,0,13126,0,GPS1_Frame,42.36349716666667,-71.06430333333333,11.899999618530273,330012.28195190825,4692200.082914967,19.0,T,4.0
1665805127.1147947,0,13127,0,GPS1_Frame,42.36349716666667,-71.06430333333333,11.899999618530273,330012.28195190825,4692200.082914967,19.0,T,4.0
1665805128.1099887,0,13128,0,GPS1_Frame,42.36349716666667,-71.06430350000001,11.899999618530273,330012.2682269716,4692200.083248318,19.0,T,4.0
1665805129.1319919,0,13129,0,GPS1_Frame,42.36349716666667,-71.06430350000001,11.899999618530273,330012.2682269716,4692200.083248318,19.0,T,4.0
1665805130.1097434,0,13130,0,GPS1_Frame,42.36349716666667,-71.06430350000001,11.899999618530273,330012.2682269716,4692200.083248318,19.0,T,4.0
1665805131.121772,0,13131,0,GPS1_Frame,42.36349716666667,-71.06430350000001,11.899999618530273,330012.2682269716,4692200.083248318,19.0,T,4.0
1665805132.0995069,0,13132,0,GPS1_Frame,42.36349716666667,-71.06430350000001,11.899999618530273,330012.2682269716,4692200.083248318,19.0,T,4.0
1665805133.1142275,0,13133,0,GPS1_Frame,42.36349716666667,-71.06430350000001,11.899999618530273,330012.2682269716,4692200.083248318,19.0,T,4.0
1665805134.1065037,0,13134,0,GPS1_Frame,42.36349716666667,-71.06430366666667,11.899999618530273,330012.254502035,4692200.083581668,19.0,T,4.0
1665805135.1202376,0,13135,0,GPS1_Frame,42.36349716666667,-71.06430350000001,11.899999618530273,330012.2682269716,4692200.083248318,19.0,T,4.0
1665805136.09239,0,13136,0,GPS1_Frame,42.36349716666667,-71.06430333333333,11.899999618530273,330012.28195190825,4692200.082914967,19.0,T,4.0
1665805137.1059105,0,13137,0,GPS1_Frame,42.36349716666667,-71.06430333333333,11.899999618530273,330012.28195190825,4692200.082914967,19.0,T,4.0
1665805138.0996468,0,13138,0,GPS1_Frame,42.36349716666667,-71.06430333333333,11.899999618530273,330012.28195190825,4692200.082914967,19.0,T,4.0
1665805139.1181936,0,13139,0,GPS1_Frame,42.36349716666667,-71.06430333333333,11.899999618530273,330012.28195190825,4692200.082914967,19.0,T,4.0
1665805140.0932672,0,13140,0,GPS1_Frame,42.36349716666667,-71.06430333333333,11.899999618530273,330012.28195190825,4692200.082914967,19.0,T,4.0
1665805141.1170313,0,13141,0,GPS1_Frame,42.36349716666667,-71.06430333333333,11.899999618530273,330012.28195190825,4692200.082914967,19.0,T,4.0
1665805142.093178,0,13142,0,GPS1_Frame,42.36349716666667,-71.06430333333333,11.899999618530273,330012.28195190825,4692200.082914967,19.0,T,4.0
1665805143.1114657,0,13143,0,GPS1_Frame,42.36349700000001,-71.06430333333333,11.899999618530273,330012.28150240786,4692200.064407857,19.0,T,4.0
1665805144.095106,0,13144,0,GPS1_Frame,42.36349700000001,-71.06430333333333,11.899999618530273,330012.28150240786,4692200.064407857,19.0,T,4.0
1665805145.113384,0,13145,0,GPS1_Frame,42.36349700000001,-71.06430333333333,11.899999618530273,330012.28150240786,4692200.064407857,19.0,T,4.0
1665805146.0897367,0,13146,0,GPS1_Frame,42.36349700000001,-71.06430333333333,11.899999618530273,330012.28150240786,4692200.064407857,19.0,T,4.0
1665805147.124683,0,13147,0,GPS1_Frame,42.36349700000001,-71.06430333333333,11.899999618530273,330012.28150240786,4692200.064407857,19.0,T,4.0
1665805148.099618,0,13148,0,GPS1_Frame,42.36349700000001,-71.06430333333333,11.899999618530273,330012.28150240786,4692200.064407857,19.0,T,4.0
1665805149.1125095,0,13149,0,GPS1_Frame,42.36349700000001,-71.06430333333333,11.899999618530273,330012.28150240786,4692200.064407857,19.0,T,4.0
1665805150.101872,0,13150,0,GPS1_Frame,42.36349700000001,-71.06430333333333,11.899999618530273,330012.28150240786,4692200.064407857,19.0,T,4.0
1665805151.1170278,0,13151,0,GPS1_Frame,42.36349700000001,-71.06430333333333,11.899999618530273,330012.28150240786,4692200.064407857,19.0,T,4.0
1665805152.0922096,0,13152,0,GPS1_Frame,42.36349700000001,-71.06430333333333,11.899999618530273,330012.28150240786,4692200.064407857,19.0,T,4.0
1665805153.1071208,0,13153,0,GPS1_Frame,42.36349716666667,-71.06430350000001,11.899999618530273,330012.2682269716,4692200.083248318,19.0,T,4.0
1665805154.097904,0,13154,0,GPS1_Frame,42.36349716666667,-71.06430350000001,11.899999618530273,330012.2682269716,4692200.083248318,19.0,T,4.0
1665805155.113677,0,13155,0,GPS1_Frame,42.36349716666667,-71.06430350000001,11.899999618530273,330012.2682269716,4692200.083248318,19.0,T,4.0
1665805156.1063116,0,13156,0,GPS1_Frame,42.36349716666667,-71.06430350000001,11.899999618530273,330012.2682269716,4692200.083248318,19.0,T,4.0
1665805157.120647,0,13157,0,GPS1_Frame,42.36349716666667,-71.06430350000001,11.899999618530273,330012.2682269716,4692200.083248318,19.0,T,4.0
1665805158.1115716,0,13158,0,GPS1_Frame,42.36349716666667,-71.06430333333333,11.899999618530273,330012.28195190825,4692200.082914967,19.0,T,4.0
1665805159.1217048,0,13159,0,GPS1_Frame,42.36349716666667,-71.06430333333333,11.899999618530273,330012.28195190825,4692200.082914967,19.0,T,4.0
1665805160.0947106,0,13160,0,GPS1_Frame,42.36349716666667,-71.06430333333333,11.899999618530273,330012.28195190825,4692200.082914967,19.0,T,4.0
1665805161.132697,0,13161,0,GPS1_Frame,42.36349716666667,-71.06430350000001,11.899999618530273,330012.2682269716,4692200.083248318,19.0,T,4.0
1665805162.0974498,0,13162,0,GPS1_Frame,42.36349716666667,-71.06430350000001,11.899999618530273,330012.2682269716,4692200.083248318,19.0,T,4.0
1665805163.1135585,0,13163,0,GPS1_Frame,42.36349716666667,-71.06430333333333,11.899999618530273,330012.28195190825,4692200.082914967,19.0,T,4.0
1665805164.0876293,0,13164,0,GPS1_Frame,42.36349716666667,-71.06430333333333,11.899999618530273,330012.28195190825,4692200.082914967,19.0,T,4.0
1665805165.121661,0,13165,0,GPS1_Frame,42.36349716666667,-71.06430333333333,11.899999618530273,330012.28195190825,4692200.082914967,19.0,T,4.0
1665805166.100259,0,13166,0,GPS1_Frame,42.36349716666667,-71.06430333333333,11.899999618530273,330012.28195190825,4692200.082914967,19.0,T,4.0
1665805167.1140788,0,13167,0,GPS1_Frame,42.36349716666667,-71.06430333333333,11.899999618530273,330012.28195190825,4692200.082914967,19.0,T,4.0
1665805168.0954273,0,13168,0,GPS1_Frame,42.36349716666667,-71.06430333333333,11.899999618530273,330012.28195190825,4692200.082914967,19.0,T,4.0
1665805169.1100068,0,13169,0,GPS1_Frame,42.36349700000001,-71.06430350000001,11.899999618530273,330012.2677774712,4692200.064741207,19.0,T,4.0
1665805170.0906372,0,13170,0,GPS1_Frame,42.36349716666667,-71.06430350000001,11.899999618530273,330012.2682269716,4692200.083248318,19.0,T,4.0
1665805171.1159313,0,13171,0,GPS1_Frame,42.36349716666667,-71.06430350000001,12.0,330012.2682269716,4692200.083248318,19.0,T,4.0
1665805172.0926964,0,13172,0,GPS1_Frame,42.36349716666667,-71.06430350000001,11.899999618530273,330012.2682269716,4692200.083248318,19.0,T,4.0
1665805173.1140442,0,13173,0,GPS1_Frame,42.36349716666667,-71.06430350000001,11.899999618530273,330012.2682269716,4692200.083248318,19.0,T,4.0
1665805174.096711,0,13174,0,GPS1_Frame,42.36349716666667,-71.06430350000001,11.899999618530273,330012.2682269716,4692200.083248318,19.0,T,4.0
1665805175.1081169,0,13175,0,GPS1_Frame,42.36349716666667,-71.06430350000001,11.899999618530273,330012.2682269716,4692200.083248318,19.0,T,4.0
1665805176.0889516,0,13176,0,GPS1_Frame,42.36349716666667,-71.06430350000001,11.899999618530273,330012.2682269716,4692200.083248318,19.0,T,4.0
1665805177.1133826,0,13177,0,GPS1_Frame,42.36349716666667,-71.06430350000001,11.899999618530273,330012.2682269716,4692200.083248318,19.0,T,4.0
1665805178.0898738,0,13178,0,GPS1_Frame,42.36349716666667,-71.06430350000001,11.899999618530273,330012.2682269716,4692200.083248318,19.0,T,4.0
1665805179.1038706,0,13179,0,GPS1_Frame,42.36349716666667,-71.06430350000001,11.899999618530273,330012.2682269716,4692200.083248318,19.0,T,4.0
1665805180.1083624,0,13180,0,GPS1_Frame,42.363497333333335,-71.06430350000001,11.899999618530273,330012.26867647213,4692200.101755428,19.0,T,4.0
1665805181.113289,0,13181,0,GPS1_Frame,42.363497333333335,-71.06430333333333,12.0,330012.28240140865,4692200.101422076,19.0,T,4.0
1665805182.085092,0,13182,0,GPS1_Frame,42.363497333333335,-71.06430333333333,12.0,330012.28240140865,4692200.101422076,19.0,T,4.0
1665805183.1209216,0,13183,0,GPS1_Frame,42.363497333333335,-71.06430350000001,11.899999618530273,330012.26867647213,4692200.101755428,19.0,T,4.0
1665805184.0910726,0,13184,0,GPS1_Frame,42.363497333333335,-71.06430350000001,11.899999618530273,330012.26867647213,4692200.101755428,19.0,T,4.0
1665805185.1253505,0,13185,0,GPS1_Frame,42.363497333333335,-71.06430366666667,11.899999618530273,330012.2549515355,4692200.102088778,19.0,T,4.0
1665805186.096176,0,13186,0,GPS1_Frame,42.363497333333335,-71.06430350000001,11.899999618530273,330012.26867647213,4692200.101755428,19.0,T,4.0
1665805187.1094294,0,13187,0,GPS1_Frame,42.36349716666667,-71.06430350000001,11.899999618530273,330012.2682269716,4692200.083248318,19.0,T,4.0
1665805188.1028357,0,13188,0,GPS1_Frame,42.36349716666667,-71.06430333333333,12.0,330012.28195190825,4692200.082914967,19.0,T,4.0
1665805189.117441,0,13189,0,GPS1_Frame,42.36349716666667,-71.06430350000001,11.899999618530273,330012.2682269716,4692200.083248318,19.0,T,4.0
1665805190.0937955,0,13190,0,GPS1_Frame,42.36349716666667,-71.06430350000001,11.899999618530273,330012.2682269716,4692200.083248318,19.0,T,4.0
1665805191.1138914,0,13191,0,GPS1_Frame,42.36349716666667,-71.06430350000001,11.899999618530273,330012.2682269716,4692200.083248318,19.0,T,4.0
1665805192.090886,0,13192,0,GPS1_Frame,42.36349716666667,-71.06430350000001,11.899999618530273,330012.2682269716,4692200.083248318,19.0,T,4.0
1665805193.1084626,0,13193,0,GPS1_Frame,42.36349716666667,-71.06430350000001,11.899999618530273,330012.2682269716,4692200.083248318,19.0,T,4.0
1665805194.0983558,0,13194,0,GPS1_Frame,42.36349716666667,-71.06430333333333,11.899999618530273,330012.28195190825,4692200.082914967,19.0,T,4.0
1665805195.1110675,0,13195,0,GPS1_Frame,42.36349716666667,-71.06430333333333,11.899999618530273,330012.28195190825,4692200.082914967,19.0,T,4.0
1665805196.1056178,0,13196,0,GPS1_Frame,42.36349716666667,-71.06430333333333,11.899999618530273,330012.28195190825,4692200.082914967,19.0,T,4.0
1665805197.1246426,0,13197,0,GPS1_Frame,42.36349716666667,-71.06430333333333,11.899999618530273,330012.28195190825,4692200.082914967,19.0,T,4.0
1665805198.1031084,0,13198,0,GPS1_Frame,42.36349716666667,-71.06430350000001,11.899999618530273,330012.2682269716,4692200.083248318,19.0,T,4.0
1665805199.1078231,0,13199,0,GPS1_Frame,42.36349716666667,-71.06430350000001,11.899999618530273,330012.2682269716,4692200.083248318,19.0,T,4.0
1665805200.09967,0,13200,0,GPS1_Frame,42.36349716666667,-71.06430350000001,11.899999618530273,330012.2682269716,4692200.083248318,19.0,T,4.0
1665805201.11146,0,13201,0,GPS1_Frame,42.36349716666667,-71.06430350000001,11.899999618530273,330012.2682269716,4692200.083248318,19.0,T,4.0
1665805202.105915,0,13202,0,GPS1_Frame,42.36349716666667,-71.06430350000001,11.899999618530273,330012.2682269716,4692200.083248318,19.0,T,4.0
1665805203.116198,0,13203,0,GPS1_Frame,42.36349716666667,-71.06430350000001,11.899999618530273,330012.2682269716,4692200.083248318,19.0,T,4.0
1665805204.092934,0,13204,0,GPS1_Frame,42.36349716666667,-71.06430350000001,11.899999618530273,330012.2682269716,4692200.083248318,19.0,T,4.0
1665805205.105092,0,13205,0,GPS1_Frame,42.36349716666667,-71.06430350000001,11.899999618530273,330012.2682269716,4692200.083248318,19.0,T,4.0
1665805206.0956933,0,13206,0,GPS1_Frame,42.36349716666667,-71.06430350000001,11.899999618530273,330012.2682269716,4692200.083248318,19.0,T,4.0
1665805207.1070747,0,13207,0,GPS1_Frame,42.36349716666667,-71.06430350000001,11.899999618530273,330012.2682269716,4692200.083248318,19.0,T,4.0
1665805208.1011848,0,13208,0,GPS1_Frame,42.36349716666667,-71.06430366666667,11.899999618530273,330012.254502035,4692200.083581668,19.0,T,4.0
1665805209.1106765,0,13209,0,GPS1_Frame,42.36349716666667,-71.06430366666667,11.899999618530273,330012.254502035,4692200.083581668,19.0,T,4.0
1665805210.1010983,0,13210,0,GPS1_Frame,42.36349716666667,-71.06430350000001,11.899999618530273,330012.2682269716,4692200.083248318,19.0,T,4.0
1665805211.1200354,0,13211,0,GPS1_Frame,42.36349716666667,-71.06430350000001,11.899999618530273,330012.2682269716,4692200.083248318,19.0,T,4.0
1665805212.0937152,0,13212,0,GPS1_Frame,42.36349716666667,-71.06430350000001,11.899999618530273,330012.2682269716,4692200.083248318,19.0,T,4.0
1665805213.110682,0,13213,0,GPS1_Frame,42.36349716666667,-71.06430350000001,11.899999618530273,330012.2682269716,4692200.083248318,19.0,T,4.0
1665805214.0849874,0,13214,0,GPS1_Frame,42.36349716666667,-71.06430333333333,11.899999618530273,330012.28195190825,4692200.082914967,19.0,T,4.0
1665805215.1034653,0,13215,0,GPS1_Frame,42.36349716666667,-71.06430333333333,11.899999618530273,330012.28195190825,4692200.082914967,19.0,T,4.0
1665805216.1015875,0,13216,0,GPS1_Frame,42.36349716666667,-71.06430333333333,11.899999618530273,330012.28195190825,4692200.082914967,19.0,T,4.0
1665805217.1023872,0,13217,0,GPS1_Frame,42.36349700000001,-71.06430333333333,11.899999618530273,330012.28150240786,4692200.064407857,19.0,T,4.0
1665805218.0847042,0,13218,0,GPS1_Frame,42.36349716666667,-71.06430333333333,11.899999618530273,330012.28195190825,4692200.082914967,19.0,T,4.0
1665805219.1043167,0,13219,0,GPS1_Frame,42.36349716666667,-71.06430333333333,11.899999618530273,330012.28195190825,4692200.082914967,19.0,T,4.0
1665805220.100293,0,13220,0,GPS1_Frame,42.36349716666667,-71.06430333333333,11.899999618530273,330012.28195190825,4692200.082914967,19.0,T,4.0
1665805221.120215,0,13221,0,GPS1_Frame,42.36349716666667,-71.06430333333333,11.899999618530273,330012.28195190825,4692200.082914967,19.0,T,4.0
1665805222.096225,0,13222,0,GPS1_Frame,42.36349716666667,-71.06430316666666,11.899999618530273,330012.2956768449,4692200.082581615,19.0,T,4.0
1665805223.114841,0,13223,0,GPS1_Frame,42.36349716666667,-71.06430333333333,11.899999618530273,330012.28195190825,4692200.082914967,19.0,T,4.0
1665805224.0872893,0,13224,0,GPS1_Frame,42.36349716666667,-71.06430333333333,11.899999618530273,330012.28195190825,4692200.082914967,19.0,T,4.0
1665805225.106596,0,13225,0,GPS1_Frame,42.36349716666667,-71.06430333333333,11.899999618530273,330012.28195190825,4692200.082914967,19.0,T,4.0
1665805226.1061096,0,13226,0,GPS1_Frame,42.36349716666667,-71.06430333333333,11.899999618530273,330012.28195190825,4692200.082914967,19.0,T,4.0
1665805227.0975342,0,13227,0,GPS1_Frame,42.36349716666667,-71.06430333333333,11.899999618530273,330012.28195190825,4692200.082914967,19.0,T,4.0
1665805228.0929506,0,13228,0,GPS1_Frame,42.36349716666667,-71.06430333333333,11.899999618530273,330012.28195190825,4692200.082914967,19.0,T,4.0
1665805229.1101444,0,13229,0,GPS1_Frame,42.36349716666667,-71.06430333333333,11.899999618530273,330012.28195190825,4692200.082914967,19.0,T,4.0
1665805230.0874448,0,13230,0,GPS1_Frame,42.36349716666667,-71.06430333333333,11.899999618530273,330012.28195190825,4692200.082914967,19.0,T,4.0
1665805231.109601,0,13231,0,GPS1_Frame,42.36349716666667,-71.06430333333333,11.899999618530273,330012.28195190825,4692200.082914967,19.0,T,4.0
1665805232.1089754,0,13232,0,GPS1_Frame,42.36349716666667,-71.06430333333333,11.899999618530273,330012.28195190825,4692200.082914967,19.0,T,4.0
1665805233.1234083,0,13233,0,GPS1_Frame,42.36349716666667,-71.06430350000001,11.899999618530273,330012.2682269716,4692200.083248318,19.0,T,4.0
1665805234.10106,0,13234,0,GPS1_Frame,42.36349716666667,-71.06430366666667,11.899999618530273,330012.254502035,4692200.083581668,19.0,T,4.0
1665805235.1156628,0,13235,0,GPS1_Frame,42.36349716666667,-71.06430350000001,11.899999618530273,330012.2682269716,4692200.083248318,19.0,T,4.0
1665805236.090701,0,13236,0,GPS1_Frame,42.36349716666667,-71.06430333333333,11.899999618530273,330012.28195190825,4692200.082914967,19.0,T,4.0
1665805237.1055486,0,13237,0,GPS1_Frame,42.36349716666667,-71.06430333333333,11.899999618530273,330012.28195190825,4692200.082914967,19.0,T,4.0
1665805238.1049526,0,13238,0,GPS1_Frame,42.36349716666667,-71.06430350000001,11.899999618530273,330012.2682269716,4692200.083248318,19.0,T,4.0
1665805239.1212087,0,13239,0,GPS1_Frame,42.36349716666667,-71.06430350000001,11.899999618530273,330012.2682269716,4692200.083248318,19.0,T,4.0
1665805240.0987675,0,13240,0,GPS1_Frame,42.36349716666667,-71.06430333333333,11.899999618530273,330012.28195190825,4692200.082914967,19.0,T,4.0
1665805241.0994048,0,13241,0,GPS1_Frame,42.36349716666667,-71.06430333333333,11.899999618530273,330012.28195190825,4692200.082914967,19.0,T,4.0
1665805242.095896,0,13242,0,GPS1_Frame,42.36349716666667,-71.06430333333333,11.899999618530273,330012.28195190825,4692200.082914967,19.0,T,4.0
1665805243.115075,0,13243,0,GPS1_Frame,42.36349716666667,-71.06430333333333,11.899999618530273,330012.28195190825,4692200.082914967,19.0,T,4.0
1665805244.0923145,0,13244,0,GPS1_Frame,42.363497333333335,-71.06430350000001,11.899999618530273,330012.26867647213,4692200.101755428,19.0,T,4.0
1665805245.1101127,0,13245,0,GPS1_Frame,42.36349716666667,-71.06430333333333,11.899999618530273,330012.28195190825,4692200.082914967,19.0,T,4.0
1665805246.0891168,0,13246,0,GPS1_Frame,42.363497333333335,-71.06430333333333,11.899999618530273,330012.28240140865,4692200.101422076,19.0,T,4.0
1665805247.1049595,0,13247,0,GPS1_Frame,42.36349716666667,-71.06430350000001,11.899999618530273,330012.2682269716,4692200.083248318,19.0,T,4.0
1665805248.1054678,0,13248,0,GPS1_Frame,42.36349716666667,-71.06430350000001,11.899999618530273,330012.2682269716,4692200.083248318,19.0,T,4.0
1665805249.1268396,0,13249,0,GPS1_Frame,42.36349716666667,-71.06430350000001,11.899999618530273,330012.2682269716,4692200.083248318,19.0,T,4.0
1665805250.1060302,0,13250,0,GPS1_Frame,42.36349716666667,-71.06430350000001,11.899999618530273,330012.2682269716,4692200.083248318,19.0,T,4.0
1665805251.1021674,0,13251,0,GPS1_Frame,42.36349716666667,-71.06430350000001,11.899999618530273,330012.2682269716,4692200.083248318,19.0,T,4.0
1665805252.0936801,0,13252,0,GPS1_Frame,42.36349716666667,-71.06430350000001,11.899999618530273,330012.2682269716,4692200.083248318,19.0,T,4.0
1665805253.1126537,0,13253,0,GPS1_Frame,42.36349716666667,-71.06430350000001,11.899999618530273,330012.2682269716,4692200.083248318,19.0,T,4.0
1665805254.0911984,0,13254,0,GPS1_Frame,42.36349716666667,-71.06430350000001,11.899999618530273,330012.2682269716,4692200.083248318,19.0,T,4.0
1665805255.110074,0,13255,0,GPS1_Frame,42.36349716666667,-71.06430350000001,11.899999618530273,330012.2682269716,4692200.083248318,19.0,T,4.0
1665805256.0871577,0,13256,0,GPS1_Frame,42.36349716666667,-71.06430350000001,11.899999618530273,330012.2682269716,4692200.083248318,19.0,T,4.0
1665805257.1223829,0,13257,0,GPS1_Frame,42.36349716666667,-71.06430350000001,11.899999618530273,330012.2682269716,4692200.083248318,19.0,T,4.0
1665805258.0934396,0,13258,0,GPS1_Frame,42.36349716666667,-71.06430350000001,11.899999618530273,330012.2682269716,4692200.083248318,19.0,T,4.0
1665805259.1082797,0,13259,0,GPS1_Frame,42.36349716666667,-71.06430350000001,11.899999618530273,330012.2682269716,4692200.083248318,19.0,T,4.0
1665805260.0887635,0,13260,0,GPS1_Frame,42.36349716666667,-71.06430350000001,11.899999618530273,330012.2682269716,4692200.083248318,19.0,T,4.0
1665805261.1051717,0,13261,0,GPS1_Frame,42.36349716666667,-71.06430350000001,11.899999618530273,330012.2682269716,4692200.083248318,19.0,T,4.0
1665805262.102665,0,13262,0,GPS1_Frame,42.36349716666667,-71.06430350000001,11.899999618530273,330012.2682269716,4692200.083248318,19.0,T,4.0
1665805263.100908,0,13263,0,GPS1_Frame,42.36349716666667,-71.06430350000001,11.899999618530273,330012.2682269716,4692200.083248318,19.0,T,4.0
1665805264.0977998,0,13264,0,GPS1_Frame,42.36349716666667,-71.06430366666667,11.899999618530273,330012.254502035,4692200.083581668,19.0,T,4.0
1665805265.1041381,0,13265,0,GPS1_Frame,42.36349716666667,-71.06430350000001,11.899999618530273,330012.2682269716,4692200.083248318,19.0,T,4.0
1665805266.1007552,0,13266,0,GPS1_Frame,42.36349716666667,-71.06430350000001,11.899999618530273,330012.2682269716,4692200.083248318,19.0,T,4.0
1665805267.1181948,0,13267,0,GPS1_Frame,42.36349716666667,-71.06430350000001,11.899999618530273,330012.2682269716,4692200.083248318,19.0,T,4.0
1665805268.0958989,0,13268,0,GPS1_Frame,42.36349716666667,-71.06430350000001,11.899999618530273,330012.2682269716,4692200.083248318,19.0,T,4.0
1665805269.1060123,0,13269,0,GPS1_Frame,42.36349716666667,-71.06430350000001,11.899999618530273,330012.2682269716,4692200.083248318,19.0,T,4.0
1665805270.1011298,0,13270,0,GPS1_Frame,42.36349716666667,-71.06430350000001,11.899999618530273,330012.2682269716,4692200.083248318,19.0,T,4.0
1665805271.0997841,0,13271,0,GPS1_Frame,42.36349716666667,-71.06430333333333,11.899999618530273,330012.28195190825,4692200.082914967,19.0,T,4.0
1665805272.0948348,0,13272,0,GPS1_Frame,42.36349716666667,-71.06430333333333,11.899999618530273,330012.28195190825,4692200.082914967,19.0,T,4.0
1665805273.1103058,0,13273,0,GPS1_Frame,42.36349716666667,-71.06430350000001,11.899999618530273,330012.2682269716,4692200.083248318,19.0,T,4.0
1665805274.0896041,0,13274,0,GPS1_Frame,42.36349716666667,-71.06430350000001,11.899999618530273,330012.2682269716,4692200.083248318,19.0,T,4.0
1665805275.109843,0,13275,0,GPS1_Frame,42.36349716666667,-71.06430350000001,11.899999618530273,330012.2682269716,4692200.083248318,19.0,T,4.0
1665805276.0828762,0,13276,0,GPS1_Frame,42.36349716666667,-71.06430350000001,11.899999618530273,330012.2682269716,4692200.083248318,19.0,T,4.0
1665805277.1272957,0,13277,0,GPS1_Frame,42.36349716666667,-71.06430350000001,11.899999618530273,330012.2682269716,4692200.083248318,19.0,T,4.0
1665805278.09462,0,13278,0,GPS1_Frame,42.36349716666667,-71.06430350000001,11.899999618530273,330012.2682269716,4692200.083248318,19.0,T,4.0
1665805279.1081223,0,13279,0,GPS1_Frame,42.36349716666667,-71.06430350000001,11.899999618530273,330012.2682269716,4692200.083248318,19.0,T,4.0
1665805280.0992074,0,13280,0,GPS1_Frame,42.363497333333335,-71.06430333333333,11.899999618530273,330012.28240140865,4692200.101422076,19.0,T,4.0
1665805281.0974271,0,13281,0,GPS1_Frame,42.36349716666667,-71.06430333333333,11.899999618530273,330012.28195190825,4692200.082914967,19.0,T,4.0
1665805282.0918684,0,13282,0,GPS1_Frame,42.36349716666667,-71.06430350000001,11.899999618530273,330012.2682269716,4692200.083248318,19.0,T,4.0
1665805283.107907,0,13283,0,GPS1_Frame,42.36349716666667,-71.06430350000001,11.899999618530273,330012.2682269716,4692200.083248318,19.0,T,4.0
1665805284.0854912,0,13284,0,GPS1_Frame,42.36349716666667,-71.06430366666667,11.899999618530273,330012.254502035,4692200.083581668,19.0,T,4.0
1665805285.104125,0,13285,0,GPS1_Frame,42.36349716666667,-71.06430366666667,11.899999618530273,330012.254502035,4692200.083581668,19.0,T,4.0
1665805286.0806367,0,13286,0,GPS1_Frame,42.36349716666667,-71.06430350000001,11.899999618530273,330012.2682269716,4692200.083248318,19.0,T,4.0
1665805287.1136663,0,13287,0,GPS1_Frame,42.36349716666667,-71.06430350000001,11.899999618530273,330012.2682269716,4692200.083248318,19.0,T,4.0
1665805288.0890799,0,13288,0,GPS1_Frame,42.36349716666667,-71.06430350000001,11.899999618530273,330012.2682269716,4692200.083248318,19.0,T,4.0
1665805289.107681,0,13289,0,GPS1_Frame,42.36349716666667,-71.06430350000001,11.899999618530273,330012.2682269716,4692200.083248318,19.0,T,4.0
1665805290.0816896,0,13290,0,GPS1_Frame,42.36349716666667,-71.06430366666667,11.899999618530273,330012.254502035,4692200.083581668,19.0,T,4.0
1665805291.1003819,0,13291,0,GPS1_Frame,42.36349716666667,-71.06430366666667,11.899999618530273,330012.254502035,4692200.083581668,19.0,T,4.0
1665805292.0980868,0,13292,0,GPS1_Frame,42.36349716666667,-71.06430350000001,11.899999618530273,330012.2682269716,4692200.083248318,19.0,T,4.0
1665805293.1136806,0,13293,0,GPS1_Frame,42.36349716666667,-71.06430350000001,11.899999618530273,330012.2682269716,4692200.083248318,19.0,T,4.0
1665805294.08931,0,13294,0,GPS1_Frame,42.36349716666667,-71.06430366666667,11.899999618530273,330012.254502035,4692200.083581668,19.0,T,4.0
1665805295.1088734,0,13295,0,GPS1_Frame,42.36349716666667,-71.06430366666667,11.899999618530273,330012.254502035,4692200.083581668,19.0,T,4.0
1665805296.085334,0,13296,0,GPS1_Frame,42.36349716666667,-71.06430350000001,11.899999618530273,330012.2682269716,4692200.083248318,19.0,T,4.0
1665805297.1023831,0,13297,0,GPS1_Frame,42.36349716666667,-71.06430350000001,11.899999618530273,330012.2682269716,4692200.083248318,19.0,T,4.0
1665805298.098002,0,13298,0,GPS1_Frame,42.36349700000001,-71.06430350000001,11.899999618530273,330012.2677774712,4692200.064741207,19.0,T,4.0
1665805299.0946662,0,13299,0,GPS1_Frame,42.36349700000001,-71.06430350000001,11.899999618530273,330012.2677774712,4692200.064741207,19.0,T,4.0
1665805300.0904596,0,13300,0,GPS1_Frame,42.36349716666667,-71.06430333333333,11.899999618530273,330012.28195190825,4692200.082914967,19.0,T,4.0
1665805301.10652,0,13301,0,GPS1_Frame,42.36349700000001,-71.06430350000001,11.899999618530273,330012.2677774712,4692200.064741207,19.0,T,4.0
1665805302.0858524,0,13302,0,GPS1_Frame,42.36349716666667,-71.06430350000001,11.899999618530273,330012.2682269716,4692200.083248318,19.0,T,4.0
1665805303.1023326,0,13303,0,GPS1_Frame,42.36349716666667,-71.06430350000001,11.899999618530273,330012.2682269716,4692200.083248318,19.0,T,4.0
1665805304.100982,0,13304,0,GPS1_Frame,42.36349716666667,-71.06430333333333,11.899999618530273,330012.28195190825,4692200.082914967,19.0,T,4.0
1665805305.1145542,0,13305,0,GPS1_Frame,42.36349716666667,-71.06430333333333,11.899999618530273,330012.28195190825,4692200.082914967,19.0,T,4.0
1665805306.092115,0,13306,0,GPS1_Frame,42.36349716666667,-71.06430350000001,11.899999618530273,330012.2682269716,4692200.083248318,19.0,T,4.0
1665805307.107291,0,13307,0,GPS1_Frame,42.36349716666667,-71.06430350000001,11.899999618530273,330012.2682269716,4692200.083248318,19.0,T,4.0
1665805308.082518,0,13308,0,GPS1_Frame,42.36349716666667,-71.06430350000001,11.899999618530273,330012.2682269716,4692200.083248318,19.0,T,4.0
1665805309.1046455,0,13309,0,GPS1_Frame,42.36349716666667,-71.06430350000001,11.899999618530273,330012.2682269716,4692200.083248318,19.0,T,4.0
1665805310.09952,0,13310,0,GPS1_Frame,42.36349716666667,-71.06430350000001,11.899999618530273,330012.2682269716,4692200.083248318,19.0,T,4.0
1665805311.1147382,0,13311,0,GPS1_Frame,42.36349716666667,-71.06430350000001,11.899999618530273,330012.2682269716,4692200.083248318,19.0,T,4.0
1665805312.08793,0,13312,0,GPS1_Frame,42.36349716666667,-71.06430350000001,11.899999618530273,330012.2682269716,4692200.083248318,19.0,T,4.0
1665805313.117068,0,13313,0,GPS1_Frame,42.36349716666667,-71.06430350000001,11.899999618530273,330012.2682269716,4692200.083248318,19.0,T,4.0
1665805314.0920825,0,13314,0,GPS1_Frame,42.36349716666667,-71.06430350000001,11.899999618530273,330012.2682269716,4692200.083248318,19.0,T,4.0
1665805315.1033742,0,13315,0,GPS1_Frame,42.36349716666667,-71.06430350000001,11.899999618530273,330012.2682269716,4692200.083248318,19.0,T,4.0
1665805316.0977488,0,13316,0,GPS1_Frame,42.36349700000001,-71.06430350000001,11.899999618530273,330012.2677774712,4692200.064741207,19.0,T,4.0
1665805317.1129794,0,13317,0,GPS1_Frame,42.36349716666667,-71.06430350000001,11.899999618530273,330012.2682269716,4692200.083248318,19.0,T,4.0
1665805318.0905507,0,13318,0,GPS1_Frame,42.36349716666667,-71.06430350000001,11.899999618530273,330012.2682269716,4692200.083248318,19.0,T,4.0
1665805319.1087089,0,13319,0,GPS1_Frame,42.36349716666667,-71.06430350000001,11.899999618530273,330012.2682269716,4692200.083248318,19.0,T,4.0
1665805320.1009498,0,13320,0,GPS1_Frame,42.36349716666667,-71.06430350000001,11.899999618530273,330012.2682269716,4692200.083248318,19.0,T,4.0
1665805321.1171527,0,13321,0,GPS1_Frame,42.36349716666667,-71.06430350000001,11.899999618530273,330012.2682269716,4692200.083248318,19.0,T,4.0
1665805322.0890098,0,13322,0,GPS1_Frame,42.36349716666667,-71.06430366666667,11.899999618530273,330012.254502035,4692200.083581668,19.0,T,4.0
1665805323.110964,0,13323,0,GPS1_Frame,42.36349716666667,-71.06430366666667,11.899999618530273,330012.254502035,4692200.083581668,19.0,T,4.0
1665805324.1086085,0,13324,0,GPS1_Frame,42.36349716666667,-71.06430350000001,11.899999618530273,330012.2682269716,4692200.083248318,19.0,T,4.0
1665805325.1044934,0,13325,0,GPS1_Frame,42.36349716666667,-71.06430366666667,11.899999618530273,330012.254502035,4692200.083581668,19.0,T,4.0
1665805326.0948622,0,13326,0,GPS1_Frame,42.36349716666667,-71.06430366666667,11.899999618530273,330012.254502035,4692200.083581668,19.0,T,4.0
1665805327.1101098,0,13327,0,GPS1_Frame,42.36349716666667,-71.06430366666667,11.899999618530273,330012.254502035,4692200.083581668,19.0,T,4.0
1665805328.0873666,0,13328,0,GPS1_Frame,42.36349716666667,-71.06430350000001,11.899999618530273,330012.2682269716,4692200.083248318,19.0,T,4.0
1665805329.1039414,0,13329,0,GPS1_Frame,42.36349716666667,-71.06430350000001,11.899999618530273,330012.2682269716,4692200.083248318,19.0,T,4.0
1665805330.0981417,0,13330,0,GPS1_Frame,42.36349716666667,-71.06430350000001,11.899999618530273,330012.2682269716,4692200.083248318,19.0,T,4.0
1665805331.118151,0,13331,0,GPS1_Frame,42.36349716666667,-71.06430350000001,11.899999618530273,330012.2682269716,4692200.083248318,19.0,T,4.0
1665805332.0953588,0,13332,0,GPS1_Frame,42.36349716666667,-71.06430350000001,11.899999618530273,330012.2682269716,4692200.083248318,19.0,T,4.0
1665805333.115102,0,13333,0,GPS1_Frame,42.36349716666667,-71.06430366666667,11.899999618530273,330012.254502035,4692200.083581668,19.0,T,4.0
1665805334.0941274,0,13334,0,GPS1_Frame,42.36349716666667,-71.06430350000001,11.899999618530273,330012.2682269716,4692200.083248318,19.0,T,4.0
1665805335.1110127,0,13335,0,GPS1_Frame,42.36349716666667,-71.06430366666667,11.899999618530273,330012.254502035,4692200.083581668,19.0,T,4.0
1665805336.0891316,0,13336,0,GPS1_Frame,42.36349716666667,-71.06430350000001,11.899999618530273,330012.2682269716,4692200.083248318,19.0,T,4.0
1665805337.108253,0,13337,0,GPS1_Frame,42.36349716666667,-71.06430350000001,11.899999618530273,330012.2682269716,4692200.083248318,19.0,T,4.0
1665805338.1058784,0,13338,0,GPS1_Frame,42.36349716666667,-71.06430350000001,11.899999618530273,330012.2682269716,4692200.083248318,19.0,T,4.0
1665805339.1053221,0,13339,0,GPS1_Frame,42.36349716666667,-71.06430350000001,11.899999618530273,330012.2682269716,4692200.083248318,19.0,T,4.0
1665805340.1032715,0,13340,0,GPS1_Frame,42.36349716666667,-71.06430350000001,11.899999618530273,330012.2682269716,4692200.083248318,19.0,T,4.0
1665805341.1034296,0,13341,0,GPS1_Frame,42.36349716666667,-71.06430350000001,11.899999618530273,330012.2682269716,4692200.083248318,19.0,T,4.0
1665805342.0991247,0,13342,0,GPS1_Frame,42.36349716666667,-71.06430350000001,11.899999618530273,330012.2682269716,4692200.083248318,19.0,T,4.0
1665805343.1159594,0,13343,0,GPS1_Frame,42.36349716666667,-71.06430350000001,11.899999618530273,330012.2682269716,4692200.083248318,19.0,T,4.0
1665805344.0916455,0,13344,0,GPS1_Frame,42.36349716666667,-71.06430350000001,11.899999618530273,330012.2682269716,4692200.083248318,19.0,T,4.0
1665805345.1096466,0,13345,0,GPS1_Frame,42.36349716666667,-71.06430350000001,11.899999618530273,330012.2682269716,4692200.083248318,19.0,T,4.0
1665805346.0863867,0,13346,0,GPS1_Frame,42.36349716666667,-71.06430350000001,11.899999618530273,330012.2682269716,4692200.083248318,19.0,T,4.0
1665805347.1064029,0,13347,0,GPS1_Frame,42.36349716666667,-71.06430350000001,11.899999618530273,330012.2682269716,4692200.083248318,19.0,T,4.0
1665805348.1020374,0,13348,0,GPS1_Frame,42.36349716666667,-71.06430350000001,11.899999618530273,330012.2682269716,4692200.083248318,19.0,T,4.0
1665805349.1184518,0,13349,0,GPS1_Frame,42.36349716666667,-71.06430350000001,11.899999618530273,330012.2682269716,4692200.083248318,19.0,T,4.0
1665805350.0943217,0,13350,0,GPS1_Frame,42.36349716666667,-71.06430350000001,11.899999618530273,330012.2682269716,4692200.083248318,19.0,T,4.0
1665805351.108849,0,13351,0,GPS1_Frame,42.36349716666667,-71.06430350000001,11.899999618530273,330012.2682269716,4692200.083248318,19.0,T,4.0
1665805352.1042063,0,13352,0,GPS1_Frame,42.36349716666667,-71.06430350000001,11.899999618530273,330012.2682269716,4692200.083248318,19.0,T,4.0
1665805353.1203914,0,13353,0,GPS1_Frame,42.36349716666667,-71.06430350000001,11.899999618530273,330012.2682269716,4692200.083248318,19.0,T,4.0
1665805354.092358,0,13354,0,GPS1_Frame,42.36349716666667,-71.06430366666667,11.899999618530273,330012.254502035,4692200.083581668,19.0,T,4.0
1665805355.1086898,0,13355,0,GPS1_Frame,42.36349716666667,-71.06430366666667,11.899999618530273,330012.254502035,4692200.083581668,19.0,T,4.0
1665805356.1047451,0,13356,0,GPS1_Frame,42.36349716666667,-71.06430366666667,11.899999618530273,330012.254502035,4692200.083581668,19.0,T,4.0
1665805357.1219366,0,13357,0,GPS1_Frame,42.36349700000001,-71.06430350000001,11.899999618530273,330012.2677774712,4692200.064741207,19.0,T,4.0
1665805358.0925338,0,13358,0,GPS1_Frame,42.36349700000001,-71.06430366666667,11.899999618530273,330012.25405253447,4692200.065074558,19.0,T,4.0
1665805359.1078835,0,13359,0,GPS1_Frame,42.36349716666667,-71.06430366666667,11.899999618530273,330012.254502035,4692200.083581668,19.0,T,4.0
1665805360.1051512,0,13360,0,GPS1_Frame,42.36349700000001,-71.06430383333333,11.899999618530273,330012.2403275978,4692200.06540791,19.0,T,4.0
1665805361.1233327,0,13361,0,GPS1_Frame,42.36349716666667,-71.06430383333333,11.899999618530273,330012.24077709834,4692200.083915019,19.0,T,4.0
1665805362.0996964,0,13362,0,GPS1_Frame,42.36349716666667,-71.06430366666667,11.899999618530273,330012.254502035,4692200.083581668,19.0,T,4.0
1665805363.0996957,0,13363,0,GPS1_Frame,42.36349700000001,-71.06430366666667,11.899999618530273,330012.25405253447,4692200.065074558,19.0,T,4.0
1665805364.0960028,0,13364,0,GPS1_Frame,42.36349716666667,-71.06430366666667,11.899999618530273,330012.254502035,4692200.083581668,19.0,T,4.0
1665805365.106535,0,13365,0,GPS1_Frame,42.36349700000001,-71.06430366666667,11.899999618530273,330012.25405253447,4692200.065074558,19.0,T,4.0
1665805366.101436,0,13366,0,GPS1_Frame,42.36349700000001,-71.06430366666667,11.899999618530273,330012.25405253447,4692200.065074558,19.0,T,4.0
1665805367.120052,0,13367,0,GPS1_Frame,42.36349716666667,-71.06430350000001,11.899999618530273,330012.2682269716,4692200.083248318,19.0,T,4.0
1665805368.0954483,0,13368,0,GPS1_Frame,42.36349716666667,-71.06430350000001,11.899999618530273,330012.2682269716,4692200.083248318,19.0,T,4.0
1665805369.1118875,0,13369,0,GPS1_Frame,42.36349700000001,-71.06430366666667,11.899999618530273,330012.25405253447,4692200.065074558,19.0,T,4.0
1665805370.1005855,0,13370,0,GPS1_Frame,42.36349716666667,-71.06430366666667,11.899999618530273,330012.254502035,4692200.083581668,19.0,T,4.0
1665805371.1168349,0,13371,0,GPS1_Frame,42.36349716666667,-71.06430366666667,11.899999618530273,330012.254502035,4692200.083581668,19.0,T,4.0
1665805372.1069286,0,13372,0,GPS1_Frame,42.36349716666667,-71.06430350000001,11.899999618530273,330012.2682269716,4692200.083248318,19.0,T,4.0
1665805373.1215465,0,13373,0,GPS1_Frame,42.36349716666667,-71.06430350000001,11.899999618530273,330012.2682269716,4692200.083248318,19.0,T,4.0
1665805374.1004698,0,13374,0,GPS1_Frame,42.36349700000001,-71.06430350000001,11.899999618530273,330012.2677774712,4692200.064741207,19.0,T,4.0
1665805375.115321,0,13375,0,GPS1_Frame,42.36349716666667,-71.06430350000001,12.0,330012.2682269716,4692200.083248318,19.0,T,4.0
1665805376.094371,0,13376,0,GPS1_Frame,42.36349716666667,-71.06430350000001,11.899999618530273,330012.2682269716,4692200.083248318,19.0,T,4.0
1665805377.1132817,0,13377,0,GPS1_Frame,42.36349716666667,-71.06430350000001,12.0,330012.2682269716,4692200.083248318,19.0,T,4.0
1665805378.0944157,0,13378,0,GPS1_Frame,42.36349716666667,-71.06430350000001,11.899999618530273,330012.2682269716,4692200.083248318,19.0,T,4.0
1665805379.1074183,0,13379,0,GPS1_Frame,42.36349716666667,-71.06430350000001,11.899999618530273,330012.2682269716,4692200.083248318,19.0,T,4.0
1665805380.0861335,0,13380,0,GPS1_Frame,42.36349716666667,-71.06430350000001,11.899999618530273,330012.2682269716,4692200.083248318,19.0,T,4.0
1665805381.1047137,0,13381,0,GPS1_Frame,42.36349716666667,-71.06430350000001,11.899999618530273,330012.2682269716,4692200.083248318,19.0,T,4.0
1665805382.099038,0,13382,0,GPS1_Frame,42.36349716666667,-71.06430350000001,11.899999618530273,330012.2682269716,4692200.083248318,19.0,T,4.0
1665805383.1140616,0,13383,0,GPS1_Frame,42.36349716666667,-71.06430366666667,11.899999618530273,330012.254502035,4692200.083581668,19.0,T,4.0
1665805384.0914216,0,13384,0,GPS1_Frame,42.36349716666667,-71.06430350000001,11.899999618530273,330012.2682269716,4692200.083248318,19.0,T,4.0
1665805385.1079504,0,13385,0,GPS1_Frame,42.36349716666667,-71.06430366666667,11.899999618530273,330012.254502035,4692200.083581668,19.0,T,4.0
1665805386.102107,0,13386,0,GPS1_Frame,42.36349716666667,-71.06430350000001,11.899999618530273,330012.2682269716,4692200.083248318,19.0,T,4.0
1665805387.1194065,0,13387,0,GPS1_Frame,42.36349716666667,-71.06430366666667,11.899999618530273,330012.254502035,4692200.083581668,19.0,T,4.0
1665805388.1092525,0,13388,0,GPS1_Frame,42.36349716666667,-71.06430350000001,11.899999618530273,330012.2682269716,4692200.083248318,19.0,T,4.0
1665805389.1079953,0,13389,0,GPS1_Frame,42.36349716666667,-71.06430366666667,11.899999618530273,330012.254502035,4692200.083581668,19.0,T,4.0
1665805390.1005344,0,13390,0,GPS1_Frame,42.36349716666667,-71.06430350000001,11.899999618530273,330012.2682269716,4692200.083248318,19.0,T,4.0
1665805391.1138248,0,13391,0,GPS1_Frame,42.36349716666667,-71.06430366666667,11.899999618530273,330012.254502035,4692200.083581668,19.0,T,4.0
1665805392.0922663,0,13392,0,GPS1_Frame,42.36349716666667,-71.06430366666667,11.899999618530273,330012.254502035,4692200.083581668,19.0,T,4.0
1665805393.1114428,0,13393,0,GPS1_Frame,42.36349716666667,-71.06430366666667,11.899999618530273,330012.254502035,4692200.083581668,19.0,T,4.0
1665805394.1069646,0,13394,0,GPS1_Frame,42.36349716666667,-71.06430366666667,11.899999618530273,330012.254502035,4692200.083581668,19.0,T,4.0
1665805395.1223059,0,13395,0,GPS1_Frame,42.36349716666667,-71.06430366666667,11.899999618530273,330012.254502035,4692200.083581668,19.0,T,4.0
1665805396.0935323,0,13396,0,GPS1_Frame,42.36349716666667,-71.06430350000001,11.899999618530273,330012.2682269716,4692200.083248318,19.0,T,4.0
1665805397.108224,0,13397,0,GPS1_Frame,42.36349716666667,-71.06430350000001,11.899999618530273,330012.2682269716,4692200.083248318,19.0,T,4.0
1665805398.1071742,0,13398,0,GPS1_Frame,42.36349716666667,-71.06430350000001,11.899999618530273,330012.2682269716,4692200.083248318,19.0,T,4.0
1665805399.1312041,0,13399,0,GPS1_Frame,42.36349716666667,-71.06430350000001,11.899999618530273,330012.2682269716,4692200.083248318,19.0,T,4.0
1665805400.1042733,0,13400,0,GPS1_Frame,42.36349716666667,-71.06430350000001,11.899999618530273,330012.2682269716,4692200.083248318,19.0,T,4.0
1665805401.1218386,0,13401,0,GPS1_Frame,42.36349716666667,-71.06430350000001,11.899999618530273,330012.2682269716,4692200.083248318,19.0,T,4.0
1665805402.0996664,0,13402,0,GPS1_Frame,42.36349716666667,-71.06430350000001,11.899999618530273,330012.2682269716,4692200.083248318,19.0,T,4.0
1665805403.1134665,0,13403,0,GPS1_Frame,42.36349716666667,-71.06430350000001,11.899999618530273,330012.2682269716,4692200.083248318,19.0,T,4.0
1665805404.1102731,0,13404,0,GPS1_Frame,42.36349716666667,-71.06430350000001,11.899999618530273,330012.2682269716,4692200.083248318,19.0,T,4.0
1665805405.1237288,0,13405,0,GPS1_Frame,42.36349716666667,-71.06430350000001,11.899999618530273,330012.2682269716,4692200.083248318,19.0,T,4.0
1665805406.0996501,0,13406,0,GPS1_Frame,42.36349716666667,-71.06430366666667,11.899999618530273,330012.254502035,4692200.083581668,19.0,T,4.0
1665805407.1141267,0,13407,0,GPS1_Frame,42.36349716666667,-71.06430366666667,11.899999618530273,330012.254502035,4692200.083581668,19.0,T,4.0
1665805408.0925455,0,13408,0,GPS1_Frame,42.36349716666667,-71.06430366666667,11.899999618530273,330012.254502035,4692200.083581668,19.0,T,4.0
1665805409.114924,0,13409,0,GPS1_Frame,42.36349716666667,-71.06430366666667,11.899999618530273,330012.254502035,4692200.083581668,19.0,T,4.0
1665805410.109275,0,13410,0,GPS1_Frame,42.36349716666667,-71.06430350000001,11.899999618530273,330012.2682269716,4692200.083248318,19.0,T,4.0
1665805411.12587,0,13411,0,GPS1_Frame,42.36349716666667,-71.06430350000001,11.899999618530273,330012.2682269716,4692200.083248318,19.0,T,4.0
1665805412.0976093,0,13412,0,GPS1_Frame,42.36349716666667,-71.06430366666667,11.899999618530273,330012.254502035,4692200.083581668,19.0,T,4.0
1665805413.1151657,0,13413,0,GPS1_Frame,42.36349716666667,-71.06430350000001,11.899999618530273,330012.2682269716,4692200.083248318,19.0,T,4.0
1665805414.103262,0,13414,0,GPS1_Frame,42.36349716666667,-71.06430366666667,11.899999618530273,330012.254502035,4692200.083581668,19.0,T,4.0
1665805415.1221375,0,13415,0,GPS1_Frame,42.36349716666667,-71.06430366666667,11.899999618530273,330012.254502035,4692200.083581668,19.0,T,4.0
1665805416.0978115,0,13416,0,GPS1_Frame,42.36349716666667,-71.06430366666667,11.899999618530273,330012.254502035,4692200.083581668,19.0,T,4.0
1665805417.113785,0,13417,0,GPS1_Frame,42.36349716666667,-71.06430366666667,11.899999618530273,330012.254502035,4692200.083581668,19.0,T,4.0
1665805418.090596,0,13418,0,GPS1_Frame,42.36349716666667,-71.06430366666667,11.899999618530273,330012.254502035,4692200.083581668,19.0,T,4.0
1665805419.127356,0,13419,0,GPS1_Frame,42.36349716666667,-71.06430366666667,11.899999618530273,330012.254502035,4692200.083581668,19.0,T,4.0
1665805420.1028016,0,13420,0,GPS1_Frame,42.36349716666667,-71.06430350000001,11.899999618530273,330012.2682269716,4692200.083248318,19.0,T,4.0
1665805421.1180859,0,13421,0,GPS1_Frame,42.36349716666667,-71.06430366666667,11.899999618530273,330012.254502035,4692200.083581668,19.0,T,4.0
1665805422.096455,0,13422,0,GPS1_Frame,42.36349716666667,-71.06430366666667,11.899999618530273,330012.254502035,4692200.083581668,19.0,T,4.0
1665805423.1130233,0,13423,0,GPS1_Frame,42.36349716666667,-71.06430366666667,11.899999618530273,330012.254502035,4692200.083581668,19.0,T,4.0
1665805424.1087222,0,13424,0,GPS1_Frame,42.36349716666667,-71.06430366666667,11.899999618530273,330012.254502035,4692200.083581668,19.0,T,4.0
1665805425.1046722,0,13425,0,GPS1_Frame,42.36349716666667,-71.06430366666667,11.899999618530273,330012.254502035,4692200.083581668,19.0,T,4.0
1665805426.10081,0,13426,0,GPS1_Frame,42.36349716666667,-71.06430366666667,11.899999618530273,330012.254502035,4692200.083581668,19.0,T,4.0
1665805427.115551,0,13427,0,GPS1_Frame,42.36349716666667,-71.06430350000001,11.899999618530273,330012.2682269716,4692200.083248318,19.0,T,4.0
1665805428.0934567,0,13428,0,GPS1_Frame,42.36349716666667,-71.06430366666667,11.899999618530273,330012.254502035,4692200.083581668,19.0,T,4.0
1665805429.112123,0,13429,0,GPS1_Frame,42.36349716666667,-71.06430366666667,11.899999618530273,330012.254502035,4692200.083581668,19.0,T,4.0
1665805430.1024878,0,13430,0,GPS1_Frame,42.36349716666667,-71.06430366666667,11.899999618530273,330012.254502035,4692200.083581668,19.0,T,4.0
1665805431.119153,0,13431,0,GPS1_Frame,42.36349716666667,-71.06430350000001,11.899999618530273,330012.2682269716,4692200.083248318,19.0,T,4.0
1665805432.0924706,0,13432,0,GPS1_Frame,42.36349700000001,-71.06430366666667,11.899999618530273,330012.25405253447,4692200.065074558,19.0,T,4.0
1665805433.1086524,0,13433,0,GPS1_Frame,42.36349716666667,-71.06430350000001,11.899999618530273,330012.2682269716,4692200.083248318,19.0,T,4.0
1665805434.1026387,0,13434,0,GPS1_Frame,42.36349700000001,-71.06430366666667,11.899999618530273,330012.25405253447,4692200.065074558,19.0,T,4.0
1665805435.1144054,0,13435,0,GPS1_Frame,42.36349716666667,-71.06430366666667,11.899999618530273,330012.254502035,4692200.083581668,19.0,T,4.0
1665805436.1056654,0,13436,0,GPS1_Frame,42.36349716666667,-71.06430366666667,11.899999618530273,330012.254502035,4692200.083581668,19.0,T,4.0
1665805437.1159112,0,13437,0,GPS1_Frame,42.36349716666667,-71.06430350000001,11.899999618530273,330012.2682269716,4692200.083248318,19.0,T,4.0
1665805438.1092436,0,13438,0,GPS1_Frame,42.36349716666667,-71.06430366666667,11.899999618530273,330012.254502035,4692200.083581668,19.0,T,4.0
1665805439.126236,0,13439,0,GPS1_Frame,42.36349716666667,-71.06430350000001,11.899999618530273,330012.2682269716,4692200.083248318,19.0,T,4.0
1665805440.0955906,0,13440,0,GPS1_Frame,42.36349716666667,-71.06430350000001,11.899999618530273,330012.2682269716,4692200.083248318,19.0,T,4.0
1665805441.1122324,0,13441,0,GPS1_Frame,42.36349716666667,-71.06430350000001,11.899999618530273,330012.2682269716,4692200.083248318,19.0,T,4.0
1665805442.1064763,0,13442,0,GPS1_Frame,42.36349716666667,-71.06430366666667,11.899999618530273,330012.254502035,4692200.083581668,19.0,T,4.0
1665805443.1054792,0,13443,0,GPS1_Frame,42.36349716666667,-71.06430350000001,11.899999618530273,330012.2682269716,4692200.083248318,19.0,T,4.0
1665805444.1000478,0,13444,0,GPS1_Frame,42.36349716666667,-71.06430350000001,11.899999618530273,330012.2682269716,4692200.083248318,19.0,T,4.0
1665805445.1170206,0,13445,0,GPS1_Frame,42.36349716666667,-71.06430350000001,11.899999618530273,330012.2682269716,4692200.083248318,19.0,T,4.0
1665805446.1130593,0,13446,0,GPS1_Frame,42.36349716666667,-71.06430350000001,11.899999618530273,330012.2682269716,4692200.083248318,19.0,T,4.0
1665805447.1071718,0,13447,0,GPS1_Frame,42.36349716666667,-71.06430350000001,11.899999618530273,330012.2682269716,4692200.083248318,19.0,T,4.0
1665805448.1008127,0,13448,0,GPS1_Frame,42.36349716666667,-71.06430350000001,11.899999618530273,330012.2682269716,4692200.083248318,19.0,T,4.0
1665805449.1164174,0,13449,0,GPS1_Frame,42.36349716666667,-71.06430350000001,11.899999618530273,330012.2682269716,4692200.083248318,19.0,T,4.0
1665805450.1073604,0,13450,0,GPS1_Frame,42.36349716666667,-71.06430350000001,11.899999618530273,330012.2682269716,4692200.083248318,19.0,T,4.0
1665805451.1194198,0,13451,0,GPS1_Frame,42.36349716666667,-71.06430350000001,11.899999618530273,330012.2682269716,4692200.083248318,19.0,T,4.0
1665805452.0922704,0,13452,0,GPS1_Frame,42.363497333333335,-71.06430333333333,11.899999618530273,330012.28240140865,4692200.101422076,19.0,T,4.0
1665805453.1078796,0,13453,0,GPS1_Frame,42.363497333333335,-71.06430333333333,11.899999618530273,330012.28240140865,4692200.101422076,19.0,T,4.0
1665805454.1051855,0,13454,0,GPS1_Frame,42.363497333333335,-71.06430350000001,11.899999618530273,330012.26867647213,4692200.101755428,19.0,T,4.0
1665805455.1158288,0,13455,0,GPS1_Frame,42.363497333333335,-71.06430333333333,11.899999618530273,330012.28240140865,4692200.101422076,19.0,T,4.0
1665805456.1061096,0,13456,0,GPS1_Frame,42.36349716666667,-71.06430333333333,11.899999618530273,330012.28195190825,4692200.082914967,19.0,T,4.0
1665805457.1179073,0,13457,0,GPS1_Frame,42.36349716666667,-71.06430333333333,11.899999618530273,330012.28195190825,4692200.082914967,19.0,T,4.0
1665805458.1148484,0,13458,0,GPS1_Frame,42.363497333333335,-71.06430350000001,11.899999618530273,330012.26867647213,4692200.101755428,19.0,T,4.0
1665805459.1072016,0,13459,0,GPS1_Frame,42.363497333333335,-71.06430350000001,11.899999618530273,330012.26867647213,4692200.101755428,19.0,T,4.0
1665805460.1083896,0,13460,0,GPS1_Frame,42.36349716666667,-71.06430333333333,11.899999618530273,330012.28195190825,4692200.082914967,19.0,T,4.0
1665805461.1247165,0,13461,0,GPS1_Frame,42.36349716666667,-71.06430350000001,11.899999618530273,330012.2682269716,4692200.083248318,19.0,T,4.0
1665805462.0969057,0,13462,0,GPS1_Frame,42.363497333333335,-71.06430350000001,12.0,330012.26867647213,4692200.101755428,19.0,T,4.0
1665805463.1151543,0,13463,0,GPS1_Frame,42.363497333333335,-71.06430350000001,11.899999618530273,330012.26867647213,4692200.101755428,19.0,T,4.0
1665805464.1092458,0,13464,0,GPS1_Frame,42.363497333333335,-71.06430350000001,11.899999618530273,330012.26867647213,4692200.101755428,19.0,T,4.0
1665805465.1290095,0,13465,0,GPS1_Frame,42.363497333333335,-71.06430350000001,11.899999618530273,330012.26867647213,4692200.101755428,19.0,T,4.0
1665805466.1020327,0,13466,0,GPS1_Frame,42.36349716666667,-71.06430350000001,11.899999618530273,330012.2682269716,4692200.083248318,19.0,T,4.0
1665805467.1217399,0,13467,0,GPS1_Frame,42.36349716666667,-71.06430350000001,11.899999618530273,330012.2682269716,4692200.083248318,19.0,T,4.0
1665805468.1059136,0,13468,0,GPS1_Frame,42.363497333333335,-71.06430350000001,11.899999618530273,330012.26867647213,4692200.101755428,19.0,T,4.0
1665805469.1208935,0,13469,0,GPS1_Frame,42.363497333333335,-71.06430350000001,11.899999618530273,330012.26867647213,4692200.101755428,19.0,T,4.0
1665805470.0973034,0,13470,0,GPS1_Frame,42.36349716666667,-71.06430350000001,11.899999618530273,330012.2682269716,4692200.083248318,19.0,T,4.0
1665805471.1396303,0,13471,0,GPS1_Frame,42.36349716666667,-71.06430350000001,11.899999618530273,330012.2682269716,4692200.083248318,19.0,T,4.0
1665805472.1035004,0,13472,0,GPS1_Frame,42.36349716666667,-71.06430350000001,11.899999618530273,330012.2682269716,4692200.083248318,19.0,T,4.0
1665805473.122957,0,13473,0,GPS1_Frame,42.36349716666667,-71.06430350000001,11.899999618530273,330012.2682269716,4692200.083248318,19.0,T,4.0
1665805474.0994391,0,13474,0,GPS1_Frame,42.36349716666667,-71.06430350000001,11.899999618530273,330012.2682269716,4692200.083248318,19.0,T,4.0
1665805475.113044,0,13475,0,GPS1_Frame,42.36349716666667,-71.06430350000001,11.899999618530273,330012.2682269716,4692200.083248318,19.0,T,4.0
1665805476.1099527,0,13476,0,GPS1_Frame,42.36349716666667,-71.06430350000001,11.899999618530273,330012.2682269716,4692200.083248318,19.0,T,4.0
1665805477.1286225,0,13477,0,GPS1_Frame,42.36349716666667,-71.06430350000001,11.899999618530273,330012.2682269716,4692200.083248318,19.0,T,4.0
1665805478.103661,0,13478,0,GPS1_Frame,42.36349716666667,-71.06430350000001,11.899999618530273,330012.2682269716,4692200.083248318,19.0,T,4.0
1665805479.118668,0,13479,0,GPS1_Frame,42.36349716666667,-71.06430350000001,11.899999618530273,330012.2682269716,4692200.083248318,19.0,T,4.0
1665805480.1129024,0,13480,0,GPS1_Frame,42.36349716666667,-71.06430350000001,11.899999618530273,330012.2682269716,4692200.083248318,19.0,T,4.0
1665805481.1249135,0,13481,0,GPS1_Frame,42.36349716666667,-71.06430350000001,11.899999618530273,330012.2682269716,4692200.083248318,19.0,T,4.0
1665805482.1007571,0,13482,0,GPS1_Frame,42.36349716666667,-71.06430350000001,11.899999618530273,330012.2682269716,4692200.083248318,19.0,T,4.0
1665805483.1190338,0,13483,0,GPS1_Frame,42.36349700000001,-71.06430350000001,11.899999618530273,330012.2677774712,4692200.064741207,19.0,T,4.0
1665805484.1169536,0,13484,0,GPS1_Frame,42.36349716666667,-71.06430350000001,11.899999618530273,330012.2682269716,4692200.083248318,19.0,T,4.0
1665805485.1365209,0,13485,0,GPS1_Frame,42.36349716666667,-71.06430350000001,11.899999618530273,330012.2682269716,4692200.083248318,19.0,T,4.0
1665805486.1124,0,13486,0,GPS1_Frame,42.36349716666667,-71.06430350000001,11.899999618530273,330012.2682269716,4692200.083248318,19.0,T,4.0
1665805487.1313019,0,13487,0,GPS1_Frame,42.36349716666667,-71.06430350000001,11.899999618530273,330012.2682269716,4692200.083248318,19.0,T,4.0
1665805488.1041882,0,13488,0,GPS1_Frame,42.36349716666667,-71.06430350000001,11.899999618530273,330012.2682269716,4692200.083248318,19.0,T,4.0
1665805489.1201088,0,13489,0,GPS1_Frame,42.36349716666667,-71.06430366666667,11.899999618530273,330012.254502035,4692200.083581668,19.0,T,4.0
1665805490.0991395,0,13490,0,GPS1_Frame,42.36349700000001,-71.06430366666667,11.899999618530273,330012.25405253447,4692200.065074558,19.0,T,4.0
1665805491.141184,0,13491,0,GPS1_Frame,42.36349716666667,-71.06430366666667,11.899999618530273,330012.254502035,4692200.083581668,19.0,T,4.0
1665805492.1177733,0,13492,0,GPS1_Frame,42.36349716666667,-71.06430350000001,11.899999618530273,330012.2682269716,4692200.083248318,19.0,T,4.0
1665805493.1201878,0,13493,0,GPS1_Frame,42.36349716666667,-71.06430366666667,11.899999618530273,330012.254502035,4692200.083581668,19.0,T,4.0
1665805494.0980396,0,13494,0,GPS1_Frame,42.36349716666667,-71.06430366666667,11.899999618530273,330012.254502035,4692200.083581668,19.0,T,4.0
1665805495.1165886,0,13495,0,GPS1_Frame,42.36349716666667,-71.06430350000001,11.899999618530273,330012.2682269716,4692200.083248318,19.0,T,4.0
1665805496.1098504,0,13496,0,GPS1_Frame,42.36349716666667,-71.06430350000001,11.899999618530273,330012.2682269716,4692200.083248318,19.0,T,4.0
1665805497.1257331,0,13497,0,GPS1_Frame,42.36349716666667,-71.06430350000001,11.899999618530273,330012.2682269716,4692200.083248318,19.0,T,4.0
1665805498.1039095,0,13498,0,GPS1_Frame,42.36349716666667,-71.06430350000001,11.899999618530273,330012.2682269716,4692200.083248318,19.0,T,4.0
1665805499.1251698,0,13499,0,GPS1_Frame,42.36349716666667,-71.06430350000001,11.899999618530273,330012.2682269716,4692200.083248318,19.0,T,4.0
1665805500.104702,0,13500,0,GPS1_Frame,42.36349716666667,-71.06430350000001,11.899999618530273,330012.2682269716,4692200.083248318,19.0,T,4.0
1665805501.122022,0,13501,0,GPS1_Frame,42.36349716666667,-71.06430333333333,11.899999618530273,330012.28195190825,4692200.082914967,19.0,T,4.0
1665805502.1002574,0,13502,0,GPS1_Frame,42.36349716666667,-71.06430350000001,11.899999618530273,330012.2682269716,4692200.083248318,19.0,T,4.0
1665805503.1184783,0,13503,0,GPS1_Frame,42.36349716666667,-71.06430350000001,11.899999618530273,330012.2682269716,4692200.083248318,19.0,T,4.0
1665805504.1028001,0,13504,0,GPS1_Frame,42.36349716666667,-71.06430350000001,11.899999618530273,330012.2682269716,4692200.083248318,19.0,T,4.0
1665805505.1161387,0,13505,0,GPS1_Frame,42.36349716666667,-71.06430350000001,11.899999618530273,330012.2682269716,4692200.083248318,19.0,T,4.0
