Time,Header.seq,Header.stamp.secs,Header.stamp.nsecs,Header.frame_id,Latitude,Longitude,Altitude,UTM_easting,UTM_northing,Fix_quality,Zone,Letter
1665051334.0273483,0,51334,0,GPS1_Frame,42.328643798828125,-71.10295867919922,62.400001525878906,326733.0625,4688408.0,4,19,T
1665051335.0176916,0,51335,0,GPS1_Frame,42.328643798828125,-71.10295867919922,62.400001525878906,326733.0625,4688408.0,4,19,T
1665051336.0180357,0,51336,0,GPS1_Frame,42.328643798828125,-71.10295867919922,62.400001525878906,326733.0625,4688408.0,4,19,T
1665051337.0143678,0,51337,0,GPS1_Frame,42.328643798828125,-71.10295867919922,62.400001525878906,326733.0625,4688408.0,4,19,T
1665051338.0170047,0,51338,0,GPS1_Frame,42.328643798828125,-71.10295867919922,62.400001525878906,326733.0625,4688408.0,4,19,T
1665051339.0293224,0,51339,0,GPS1_Frame,42.328643798828125,-71.10295867919922,62.400001525878906,326733.0625,4688408.0,4,19,T
1665051340.0166109,0,51340,0,GPS1_Frame,42.328643798828125,-71.10295867919922,62.400001525878906,326733.0625,4688408.0,4,19,T
1665051341.0172074,0,51341,0,GPS1_Frame,42.328643798828125,-71.10295867919922,62.400001525878906,326733.0625,4688408.0,4,19,T
1665051342.0183372,0,51342,0,GPS1_Frame,42.328643798828125,-71.10295867919922,62.400001525878906,326733.0625,4688408.0,4,19,T
1665051343.016632,0,51343,0,GPS1_Frame,42.328643798828125,-71.10295867919922,62.400001525878906,326733.0625,4688408.0,4,19,T
1665051344.0273044,0,51344,0,GPS1_Frame,42.328643798828125,-71.10295867919922,62.400001525878906,326733.0625,4688408.0,4,19,T
1665051345.0172973,0,51345,0,GPS1_Frame,42.328643798828125,-71.10295867919922,62.400001525878906,326733.0625,4688408.0,4,19,T
1665051346.0123665,0,51346,0,GPS1_Frame,42.328643798828125,-71.10295867919922,62.400001525878906,326733.0625,4688408.0,4,19,T
1665051347.0159574,0,51347,0,GPS1_Frame,42.328643798828125,-71.10295867919922,62.400001525878906,326733.0625,4688408.0,4,19,T
1665051348.018054,0,51348,0,GPS1_Frame,42.328643798828125,-71.10295867919922,62.400001525878906,326733.0625,4688408.0,4,19,T
1665051349.0164797,0,51349,0,GPS1_Frame,42.328643798828125,-71.10295867919922,62.400001525878906,326733.0625,4688408.0,4,19,T
1665051350.0162292,0,51350,0,GPS1_Frame,42.328643798828125,-71.10295867919922,62.400001525878906,326733.0625,4688408.0,4,19,T
1665051351.016526,0,51351,0,GPS1_Frame,42.328643798828125,-71.10295867919922,62.400001525878906,326733.0625,4688408.0,4,19,T
1665051352.0156226,0,51352,0,GPS1_Frame,42.328643798828125,-71.10295867919922,62.400001525878906,326733.0625,4688408.0,4,19,T
1665051353.0165508,0,51353,0,GPS1_Frame,42.328643798828125,-71.10295867919922,62.400001525878906,326733.0625,4688408.0,4,19,T
1665051354.026968,0,51354,0,GPS1_Frame,42.328643798828125,-71.10295867919922,62.400001525878906,326733.0625,4688408.0,4,19,T
1665051355.0123587,0,51355,0,GPS1_Frame,42.328643798828125,-71.10295867919922,62.400001525878906,326733.0625,4688408.0,4,19,T
1665051356.012707,0,51356,0,GPS1_Frame,42.328643798828125,-71.10295867919922,62.5,326733.125,4688408.0,2,19,T
1665051357.0170038,0,51357,0,GPS1_Frame,42.328643798828125,-71.10295867919922,62.400001525878906,326733.09375,4688408.0,4,19,T
1665051358.0160153,0,51358,0,GPS1_Frame,42.328643798828125,-71.10295867919922,62.400001525878906,326733.09375,4688408.0,4,19,T
1665051359.0165207,0,51359,0,GPS1_Frame,42.328643798828125,-71.10295867919922,62.400001525878906,326733.09375,4688408.0,4,19,T
1665051360.0167873,0,51360,0,GPS1_Frame,42.328643798828125,-71.10295867919922,62.400001525878906,326733.09375,4688408.0,4,19,T
1665051361.0181022,0,51361,0,GPS1_Frame,42.328643798828125,-71.10295867919922,62.400001525878906,326733.09375,4688408.0,4,19,T
1665051362.0157785,0,51362,0,GPS1_Frame,42.328643798828125,-71.10295867919922,62.400001525878906,326733.0625,4688408.0,4,19,T
1665051363.0168684,0,51363,0,GPS1_Frame,42.328643798828125,-71.10295867919922,62.400001525878906,326733.0625,4688408.0,4,19,T
1665051364.0125215,0,51364,0,GPS1_Frame,42.328643798828125,-71.10295867919922,62.400001525878906,326733.0625,4688408.0,4,19,T
1665051365.016778,0,51365,0,GPS1_Frame,42.328643798828125,-71.10295867919922,62.400001525878906,326733.0625,4688408.0,4,19,T
1665051366.0176125,0,51366,0,GPS1_Frame,42.328643798828125,-71.10295867919922,62.400001525878906,326733.0625,4688408.0,4,19,T
1665051367.0166478,0,51367,0,GPS1_Frame,42.328643798828125,-71.10295867919922,62.400001525878906,326733.0625,4688408.0,4,19,T
1665051368.0184677,0,51368,0,GPS1_Frame,42.328643798828125,-71.10295867919922,62.400001525878906,326733.0625,4688408.0,4,19,T
1665051369.018337,0,51369,0,GPS1_Frame,42.328643798828125,-71.10295867919922,62.400001525878906,326733.0625,4688408.0,4,19,T
1665051370.0247283,0,51370,0,GPS1_Frame,42.328643798828125,-71.10295867919922,62.400001525878906,326733.0625,4688408.0,4,19,T
1665051371.0165136,0,51371,0,GPS1_Frame,42.328643798828125,-71.10295867919922,62.400001525878906,326733.0625,4688408.0,4,19,T
1665051372.0178113,0,51372,0,GPS1_Frame,42.328643798828125,-71.10295867919922,62.400001525878906,326733.0625,4688408.0,4,19,T
1665051373.0132453,0,51373,0,GPS1_Frame,42.328643798828125,-71.10295867919922,62.400001525878906,326733.0625,4688408.0,4,19,T
1665051374.016316,0,51374,0,GPS1_Frame,42.328643798828125,-71.10295867919922,62.400001525878906,326733.0625,4688408.0,4,19,T
1665051375.026863,0,51375,0,GPS1_Frame,42.328643798828125,-71.10295867919922,62.400001525878906,326733.0625,4688408.0,4,19,T
1665051376.016496,0,51376,0,GPS1_Frame,42.328643798828125,-71.10295867919922,62.400001525878906,326733.0625,4688408.0,4,19,T
1665051377.0177195,0,51377,0,GPS1_Frame,42.328643798828125,-71.10295867919922,62.400001525878906,326733.0625,4688408.0,4,19,T
1665051378.0104954,0,51378,0,GPS1_Frame,42.328643798828125,-71.10295867919922,62.5,326733.0625,4688408.0,2,19,T
1665051379.0099595,0,51379,0,GPS1_Frame,42.328643798828125,-71.10295867919922,62.599998474121094,326733.0625,4688408.0,2,19,T
1665051380.0153348,0,51380,0,GPS1_Frame,42.328643798828125,-71.10295867919922,62.400001525878906,326733.09375,4688408.0,4,19,T
1665051381.0101569,0,51381,0,GPS1_Frame,42.328643798828125,-71.10295867919922,61.900001525878906,326733.09375,4688408.0,2,19,T
1665051382.0060267,0,51382,0,GPS1_Frame,42.328643798828125,-71.10295867919922,61.599998474121094,326733.0,4688408.0,2,19,T
1665051383.0230207,0,51383,0,GPS1_Frame,42.328643798828125,-71.10295867919922,62.29999923706055,326733.0625,4688408.0,4,19,T
1665051384.0171802,0,51384,0,GPS1_Frame,42.328643798828125,-71.10295867919922,62.400001525878906,326733.09375,4688408.0,4,19,T
1665051385.0127149,0,51385,0,GPS1_Frame,42.328643798828125,-71.10295867919922,62.400001525878906,326733.09375,4688408.0,4,19,T
1665051386.0122783,0,51386,0,GPS1_Frame,42.328643798828125,-71.10295867919922,62.400001525878906,326733.0625,4688408.0,4,19,T
1665051387.0170603,0,51387,0,GPS1_Frame,42.328643798828125,-71.10295867919922,62.400001525878906,326733.0625,4688408.0,4,19,T
1665051388.0140085,0,51388,0,GPS1_Frame,42.328643798828125,-71.10295867919922,62.29999923706055,326733.0625,4688408.0,4,19,T
1665051389.0179548,0,51389,0,GPS1_Frame,42.328643798828125,-71.10295867919922,62.400001525878906,326733.09375,4688408.0,4,19,T
1665051390.0199716,0,51390,0,GPS1_Frame,42.328643798828125,-71.10295867919922,62.400001525878906,326733.0625,4688408.0,4,19,T
1665051391.0146172,0,51391,0,GPS1_Frame,42.328643798828125,-71.10295867919922,62.400001525878906,326733.0625,4688408.0,4,19,T
1665051392.018502,0,51392,0,GPS1_Frame,42.328643798828125,-71.10295867919922,62.400001525878906,326733.0625,4688408.0,4,19,T
1665051393.027291,0,51393,0,GPS1_Frame,42.328643798828125,-71.10295867919922,62.400001525878906,326733.0625,4688408.0,4,19,T
1665051394.0167768,0,51394,0,GPS1_Frame,42.328643798828125,-71.10295867919922,62.400001525878906,326733.0625,4688408.0,4,19,T
1665051395.0180905,0,51395,0,GPS1_Frame,42.328643798828125,-71.10295867919922,62.400001525878906,326733.0625,4688408.0,4,19,T
1665051396.0184405,0,51396,0,GPS1_Frame,42.328643798828125,-71.10295867919922,62.400001525878906,326733.0625,4688408.0,4,19,T
1665051397.0169652,0,51397,0,GPS1_Frame,42.328643798828125,-71.10295867919922,62.400001525878906,326733.0625,4688408.0,4,19,T
1665051398.0166953,0,51398,0,GPS1_Frame,42.328643798828125,-71.10295867919922,62.400001525878906,326733.0625,4688408.0,4,19,T
1665051399.0165727,0,51399,0,GPS1_Frame,42.328643798828125,-71.10295867919922,62.400001525878906,326733.0625,4688408.0,4,19,T
1665051400.0139318,0,51400,0,GPS1_Frame,42.328643798828125,-71.10295867919922,62.400001525878906,326733.0625,4688408.0,4,19,T
1665051401.0199304,0,51401,0,GPS1_Frame,42.328643798828125,-71.10295867919922,62.400001525878906,326733.0625,4688408.0,4,19,T
1665051402.0173378,0,51402,0,GPS1_Frame,42.328643798828125,-71.10295867919922,62.400001525878906,326733.0625,4688408.0,4,19,T
1665051403.0171323,0,51403,0,GPS1_Frame,42.328643798828125,-71.10295867919922,62.400001525878906,326733.0625,4688408.0,4,19,T
1665051404.019513,0,51404,0,GPS1_Frame,42.328643798828125,-71.10295867919922,62.400001525878906,326733.0625,4688408.0,4,19,T
1665051405.0182245,0,51405,0,GPS1_Frame,42.328643798828125,-71.10295867919922,62.400001525878906,326733.0625,4688408.0,4,19,T
1665051406.0182395,0,51406,0,GPS1_Frame,42.328643798828125,-71.10295867919922,62.400001525878906,326733.0625,4688408.0,4,19,T
1665051407.0187652,0,51407,0,GPS1_Frame,42.328643798828125,-71.10295867919922,62.400001525878906,326733.0625,4688408.0,4,19,T
1665051408.0234613,0,51408,0,GPS1_Frame,42.328643798828125,-71.10295867919922,62.400001525878906,326733.0625,4688408.0,4,19,T
1665051409.0161138,0,51409,0,GPS1_Frame,42.328643798828125,-71.10295867919922,62.400001525878906,326733.0625,4688408.0,4,19,T
1665051410.0202928,0,51410,0,GPS1_Frame,42.328643798828125,-71.10295867919922,62.400001525878906,326733.0625,4688408.0,4,19,T
1665051411.0209942,0,51411,0,GPS1_Frame,42.328643798828125,-71.10295867919922,62.400001525878906,326733.0625,4688408.0,4,19,T
1665051412.0195065,0,51412,0,GPS1_Frame,42.328643798828125,-71.10295867919922,62.400001525878906,326733.0625,4688408.0,4,19,T
1665051413.0194957,0,51413,0,GPS1_Frame,42.328643798828125,-71.10295867919922,62.400001525878906,326733.0625,4688408.0,4,19,T
1665051414.0190268,0,51414,0,GPS1_Frame,42.328643798828125,-71.10295867919922,62.400001525878906,326733.0625,4688408.0,4,19,T
1665051415.017397,0,51415,0,GPS1_Frame,42.328643798828125,-71.10295867919922,62.400001525878906,326733.0625,4688408.0,4,19,T
1665051416.021393,0,51416,0,GPS1_Frame,42.328643798828125,-71.10295867919922,62.400001525878906,326733.0625,4688408.0,4,19,T
1665051417.021267,0,51417,0,GPS1_Frame,42.328643798828125,-71.10295867919922,62.400001525878906,326733.0625,4688408.0,4,19,T
1665051418.0149827,0,51418,0,GPS1_Frame,42.328643798828125,-71.10295867919922,62.400001525878906,326733.0625,4688408.0,4,19,T
1665051419.0292604,0,51419,0,GPS1_Frame,42.328643798828125,-71.10295867919922,62.400001525878906,326733.0625,4688408.0,4,19,T
1665051420.0261705,0,51420,0,GPS1_Frame,42.328643798828125,-71.10295867919922,62.400001525878906,326733.0625,4688408.0,4,19,T
1665051421.0229764,0,51421,0,GPS1_Frame,42.328643798828125,-71.10295867919922,62.400001525878906,326733.0625,4688408.0,4,19,T
1665051422.019504,0,51422,0,GPS1_Frame,42.328643798828125,-71.10295867919922,62.400001525878906,326733.0625,4688408.0,4,19,T
1665051423.023556,0,51423,0,GPS1_Frame,42.328643798828125,-71.10295867919922,62.400001525878906,326733.0625,4688408.0,4,19,T
1665051424.031081,0,51424,0,GPS1_Frame,42.328643798828125,-71.10295867919922,62.400001525878906,326733.0625,4688408.0,4,19,T
1665051425.0218632,0,51425,0,GPS1_Frame,42.328643798828125,-71.10295867919922,62.400001525878906,326733.0625,4688408.0,4,19,T
1665051426.0242026,0,51426,0,GPS1_Frame,42.328643798828125,-71.10295867919922,62.400001525878906,326733.0625,4688408.0,4,19,T
1665051427.0202506,0,51427,0,GPS1_Frame,42.328643798828125,-71.10295867919922,62.400001525878906,326733.0625,4688408.0,4,19,T
1665051428.0233788,0,51428,0,GPS1_Frame,42.328643798828125,-71.10295867919922,62.400001525878906,326733.0625,4688408.0,4,19,T
1665051429.0318732,0,51429,0,GPS1_Frame,42.328643798828125,-71.10295867919922,62.400001525878906,326733.0625,4688408.0,4,19,T
1665051430.0193026,0,51430,0,GPS1_Frame,42.328643798828125,-71.10295867919922,62.400001525878906,326733.0625,4688408.0,4,19,T
1665051431.018485,0,51431,0,GPS1_Frame,42.328643798828125,-71.10295867919922,62.400001525878906,326733.0625,4688408.0,4,19,T
1665051432.0194623,0,51432,0,GPS1_Frame,42.328643798828125,-71.10295867919922,62.400001525878906,326733.0625,4688408.0,4,19,T
1665051433.0175076,0,51433,0,GPS1_Frame,42.328643798828125,-71.10295867919922,62.400001525878906,326733.0625,4688408.0,4,19,T
1665051434.0182996,0,51434,0,GPS1_Frame,42.328643798828125,-71.10295867919922,62.400001525878906,326733.0625,4688408.0,4,19,T
1665051435.019582,0,51435,0,GPS1_Frame,42.328643798828125,-71.10295867919922,62.400001525878906,326733.0625,4688408.0,4,19,T
1665051436.0117135,0,51436,0,GPS1_Frame,42.328643798828125,-71.10295867919922,62.400001525878906,326733.0625,4688408.0,4,19,T
1665051437.0184352,0,51437,0,GPS1_Frame,42.328643798828125,-71.10295867919922,62.400001525878906,326733.0625,4688408.0,4,19,T
1665051438.0184138,0,51438,0,GPS1_Frame,42.328643798828125,-71.10295867919922,62.400001525878906,326733.0625,4688408.0,4,19,T
1665051439.0183678,0,51439,0,GPS1_Frame,42.328643798828125,-71.10295867919922,62.400001525878906,326733.0625,4688408.0,4,19,T
1665051440.027775,0,51440,0,GPS1_Frame,42.328643798828125,-71.10295867919922,62.400001525878906,326733.0625,4688408.0,4,19,T
1665051441.0200098,0,51441,0,GPS1_Frame,42.328643798828125,-71.10295867919922,62.400001525878906,326733.0625,4688408.0,4,19,T
1665051442.0172493,0,51442,0,GPS1_Frame,42.328643798828125,-71.10295867919922,62.400001525878906,326733.0625,4688408.0,4,19,T
1665051443.0193582,0,51443,0,GPS1_Frame,42.328643798828125,-71.10295867919922,62.400001525878906,326733.0625,4688408.0,4,19,T
1665051444.020175,0,51444,0,GPS1_Frame,42.328643798828125,-71.10295867919922,62.400001525878906,326733.0625,4688408.0,4,19,T
1665051445.0160778,0,51445,0,GPS1_Frame,42.328643798828125,-71.10295867919922,62.400001525878906,326733.0625,4688408.0,4,19,T
1665051446.0184753,0,51446,0,GPS1_Frame,42.328643798828125,-71.10295867919922,62.400001525878906,326733.0625,4688408.0,4,19,T
1665051447.019247,0,51447,0,GPS1_Frame,42.328643798828125,-71.10295867919922,62.400001525878906,326733.0625,4688408.0,4,19,T
1665051448.0178065,0,51448,0,GPS1_Frame,42.328643798828125,-71.10295867919922,62.400001525878906,326733.0625,4688408.0,4,19,T
1665051449.0186205,0,51449,0,GPS1_Frame,42.328643798828125,-71.10295867919922,62.400001525878906,326733.0625,4688408.0,4,19,T
1665051450.0287483,0,51450,0,GPS1_Frame,42.328643798828125,-71.10295867919922,62.400001525878906,326733.0625,4688408.0,4,19,T
1665051451.019342,0,51451,0,GPS1_Frame,42.328643798828125,-71.10295867919922,62.400001525878906,326733.0625,4688408.0,4,19,T
1665051452.0184665,0,51452,0,GPS1_Frame,42.328643798828125,-71.10295867919922,62.400001525878906,326733.0625,4688408.0,4,19,T
1665051453.0191681,0,51453,0,GPS1_Frame,42.328643798828125,-71.10295867919922,62.400001525878906,326733.0625,4688408.0,4,19,T
1665051454.0152771,0,51454,0,GPS1_Frame,42.328643798828125,-71.10295867919922,62.400001525878906,326733.0625,4688408.0,4,19,T
1665051455.0288708,0,51455,0,GPS1_Frame,42.328643798828125,-71.10295867919922,62.400001525878906,326733.0625,4688408.0,4,19,T
1665051456.0201042,0,51456,0,GPS1_Frame,42.328643798828125,-71.10295867919922,62.400001525878906,326733.0625,4688408.0,4,19,T
1665051457.019281,0,51457,0,GPS1_Frame,42.328643798828125,-71.10295867919922,62.400001525878906,326733.0625,4688408.0,4,19,T
1665051458.0195913,0,51458,0,GPS1_Frame,42.328643798828125,-71.10295867919922,62.400001525878906,326733.0625,4688408.0,4,19,T
1665051459.0186574,0,51459,0,GPS1_Frame,42.328643798828125,-71.10295867919922,62.400001525878906,326733.0625,4688408.0,4,19,T
1665051460.0279531,0,51460,0,GPS1_Frame,42.328643798828125,-71.10295867919922,62.400001525878906,326733.0625,4688408.0,4,19,T
1665051461.0203257,0,51461,0,GPS1_Frame,42.328643798828125,-71.10295867919922,62.400001525878906,326733.0625,4688408.0,4,19,T
1665051462.0203843,0,51462,0,GPS1_Frame,42.328643798828125,-71.10295867919922,62.400001525878906,326733.0625,4688408.0,4,19,T
1665051463.015729,0,51463,0,GPS1_Frame,42.328643798828125,-71.10295867919922,62.400001525878906,326733.0625,4688408.0,4,19,T
1665051464.020113,0,51464,0,GPS1_Frame,42.328643798828125,-71.10295867919922,62.400001525878906,326733.0625,4688408.0,4,19,T
1665051465.027924,0,51465,0,GPS1_Frame,42.328643798828125,-71.10295867919922,62.400001525878906,326733.0625,4688408.0,4,19,T
1665051466.0188508,0,51466,0,GPS1_Frame,42.328643798828125,-71.10295867919922,62.400001525878906,326733.0625,4688408.0,4,19,T
1665051467.0189178,0,51467,0,GPS1_Frame,42.328643798828125,-71.10295867919922,62.400001525878906,326733.0625,4688408.0,4,19,T
1665051468.0213354,0,51468,0,GPS1_Frame,42.328643798828125,-71.10295867919922,62.400001525878906,326733.0625,4688408.0,4,19,T
1665051469.0175385,0,51469,0,GPS1_Frame,42.328643798828125,-71.10295867919922,62.400001525878906,326733.0625,4688408.0,4,19,T
1665051470.0283797,0,51470,0,GPS1_Frame,42.328643798828125,-71.10295867919922,62.400001525878906,326733.0625,4688408.0,4,19,T
1665051471.0200279,0,51471,0,GPS1_Frame,42.328643798828125,-71.10295867919922,62.400001525878906,326733.0625,4688408.0,4,19,T
1665051472.0149558,0,51472,0,GPS1_Frame,42.328643798828125,-71.10295867919922,62.400001525878906,326733.0625,4688408.0,4,19,T
1665051473.0139341,0,51473,0,GPS1_Frame,42.328643798828125,-71.10295867919922,62.400001525878906,326733.0625,4688408.0,4,19,T
1665051474.0185218,0,51474,0,GPS1_Frame,42.328643798828125,-71.10295867919922,62.400001525878906,326733.0625,4688408.0,4,19,T
1665051475.0176573,0,51475,0,GPS1_Frame,42.328643798828125,-71.10295867919922,62.400001525878906,326733.0625,4688408.0,4,19,T
1665051476.0189235,0,51476,0,GPS1_Frame,42.328643798828125,-71.10295867919922,62.400001525878906,326733.0625,4688408.0,4,19,T
1665051477.0206156,0,51477,0,GPS1_Frame,42.328643798828125,-71.10295867919922,62.400001525878906,326733.0625,4688408.0,4,19,T
1665051478.0179336,0,51478,0,GPS1_Frame,42.328643798828125,-71.10295867919922,62.400001525878906,326733.0625,4688408.0,4,19,T
1665051479.0188038,0,51479,0,GPS1_Frame,42.328643798828125,-71.10295867919922,62.400001525878906,326733.0625,4688408.0,4,19,T
1665051480.0290673,0,51480,0,GPS1_Frame,42.328643798828125,-71.10295867919922,62.400001525878906,326733.0625,4688408.0,4,19,T
1665051481.0167584,0,51481,0,GPS1_Frame,42.328643798828125,-71.10295867919922,62.400001525878906,326733.0625,4688408.0,4,19,T
1665051482.020181,0,51482,0,GPS1_Frame,42.328643798828125,-71.10295867919922,62.400001525878906,326733.0625,4688408.0,4,19,T
1665051483.0187845,0,51483,0,GPS1_Frame,42.328643798828125,-71.10295867919922,62.400001525878906,326733.0625,4688408.0,4,19,T
1665051484.0186372,0,51484,0,GPS1_Frame,42.328643798828125,-71.10295867919922,62.400001525878906,326733.0625,4688408.0,4,19,T
1665051485.0289485,0,51485,0,GPS1_Frame,42.328643798828125,-71.10295867919922,62.400001525878906,326733.0625,4688408.0,4,19,T
1665051486.0198615,0,51486,0,GPS1_Frame,42.328643798828125,-71.10295867919922,62.400001525878906,326733.0625,4688408.0,4,19,T
1665051487.0187914,0,51487,0,GPS1_Frame,42.328643798828125,-71.10295867919922,62.400001525878906,326733.0625,4688408.0,4,19,T
1665051488.0200624,0,51488,0,GPS1_Frame,42.328643798828125,-71.10295867919922,62.400001525878906,326733.0625,4688408.0,4,19,T
1665051489.022087,0,51489,0,GPS1_Frame,42.328643798828125,-71.10295867919922,62.400001525878906,326733.0625,4688408.0,4,19,T
1665051490.0154908,0,51490,0,GPS1_Frame,42.328643798828125,-71.10295867919922,62.400001525878906,326733.0625,4688408.0,4,19,T
1665051491.0216453,0,51491,0,GPS1_Frame,42.328643798828125,-71.10295867919922,62.400001525878906,326733.0625,4688408.0,4,19,T
1665051492.0197783,0,51492,0,GPS1_Frame,42.328643798828125,-71.10295867919922,62.400001525878906,326733.0625,4688408.0,4,19,T
1665051493.0195775,0,51493,0,GPS1_Frame,42.328643798828125,-71.10295867919922,62.400001525878906,326733.0625,4688408.0,4,19,T
1665051494.0188859,0,51494,0,GPS1_Frame,42.328643798828125,-71.10295867919922,62.400001525878906,326733.0625,4688408.0,4,19,T
1665051495.0200818,0,51495,0,GPS1_Frame,42.328643798828125,-71.10295867919922,62.400001525878906,326733.0625,4688408.0,4,19,T
1665051496.0187843,0,51496,0,GPS1_Frame,42.328643798828125,-71.10295867919922,62.400001525878906,326733.0625,4688408.0,4,19,T
1665051497.0214589,0,51497,0,GPS1_Frame,42.328643798828125,-71.10295867919922,62.400001525878906,326733.0625,4688408.0,4,19,T
1665051498.020258,0,51498,0,GPS1_Frame,42.328643798828125,-71.10295867919922,62.400001525878906,326733.0625,4688408.0,4,19,T
1665051499.0160854,0,51499,0,GPS1_Frame,42.328643798828125,-71.10295867919922,62.400001525878906,326733.0625,4688408.0,4,19,T
1665051500.019451,0,51500,0,GPS1_Frame,42.328643798828125,-71.10295867919922,62.400001525878906,326733.0625,4688408.0,4,19,T
1665051501.0202613,0,51501,0,GPS1_Frame,42.328643798828125,-71.10295867919922,62.400001525878906,326733.0625,4688408.0,4,19,T
1665051502.0201635,0,51502,0,GPS1_Frame,42.328643798828125,-71.10295867919922,62.400001525878906,326733.0625,4688408.0,4,19,T
1665051503.0290985,0,51503,0,GPS1_Frame,42.328643798828125,-71.10295867919922,62.400001525878906,326733.0625,4688408.0,4,19,T
1665051504.0203338,0,51504,0,GPS1_Frame,42.328643798828125,-71.10295867919922,62.400001525878906,326733.0625,4688408.0,4,19,T
1665051505.0206027,0,51505,0,GPS1_Frame,42.328643798828125,-71.10295867919922,62.400001525878906,326733.0625,4688408.0,4,19,T
1665051506.0215414,0,51506,0,GPS1_Frame,42.328643798828125,-71.10295867919922,62.400001525878906,326733.0625,4688408.0,4,19,T
1665051507.021997,0,51507,0,GPS1_Frame,42.328643798828125,-71.10295867919922,62.400001525878906,326733.0625,4688408.0,4,19,T
1665051508.0150795,0,51508,0,GPS1_Frame,42.328643798828125,-71.10295867919922,62.400001525878906,326733.0625,4688408.0,4,19,T
1665051509.019472,0,51509,0,GPS1_Frame,42.328643798828125,-71.10295867919922,62.400001525878906,326733.0625,4688408.0,4,19,T
1665051510.0199594,0,51510,0,GPS1_Frame,42.328643798828125,-71.10295867919922,62.400001525878906,326733.0625,4688408.0,4,19,T
1665051511.0190418,0,51511,0,GPS1_Frame,42.328643798828125,-71.10295867919922,62.400001525878906,326733.0625,4688408.0,4,19,T
1665051512.0184727,0,51512,0,GPS1_Frame,42.328643798828125,-71.10295867919922,62.400001525878906,326733.0625,4688408.0,4,19,T
1665051513.0202434,0,51513,0,GPS1_Frame,42.328643798828125,-71.10295867919922,62.400001525878906,326733.0625,4688408.0,4,19,T
1665051514.0150373,0,51514,0,GPS1_Frame,42.328643798828125,-71.10295867919922,62.400001525878906,326733.0625,4688408.0,4,19,T
1665051515.0165098,0,51515,0,GPS1_Frame,42.328643798828125,-71.10295867919922,62.400001525878906,326733.0625,4688408.0,4,19,T
1665051516.0193355,0,51516,0,GPS1_Frame,42.328643798828125,-71.10295867919922,62.400001525878906,326733.0625,4688408.0,4,19,T
1665051517.0162525,0,51517,0,GPS1_Frame,42.328643798828125,-71.10295867919922,62.400001525878906,326733.0625,4688408.0,4,19,T
1665051518.0135734,0,51518,0,GPS1_Frame,42.328643798828125,-71.10295867919922,62.400001525878906,326733.0625,4688408.0,4,19,T
1665051519.0212739,0,51519,0,GPS1_Frame,42.328643798828125,-71.10295867919922,62.400001525878906,326733.0625,4688408.0,4,19,T
1665051520.0191536,0,51520,0,GPS1_Frame,42.328643798828125,-71.10295867919922,62.400001525878906,326733.0625,4688408.0,4,19,T
1665051521.0190957,0,51521,0,GPS1_Frame,42.328643798828125,-71.10295867919922,62.400001525878906,326733.0625,4688408.0,4,19,T
1665051522.021334,0,51522,0,GPS1_Frame,42.328643798828125,-71.10295867919922,62.400001525878906,326733.0625,4688408.0,4,19,T
1665051523.0201228,0,51523,0,GPS1_Frame,42.328643798828125,-71.10295867919922,62.400001525878906,326733.0625,4688408.0,4,19,T
1665051524.0184648,0,51524,0,GPS1_Frame,42.328643798828125,-71.10295867919922,62.400001525878906,326733.0625,4688408.0,4,19,T
1665051525.0204434,0,51525,0,GPS1_Frame,42.328643798828125,-71.10295867919922,62.400001525878906,326733.0625,4688408.0,4,19,T
1665051526.0163865,0,51526,0,GPS1_Frame,42.328643798828125,-71.10295867919922,62.400001525878906,326733.0625,4688408.0,4,19,T
1665051527.0225348,0,51527,0,GPS1_Frame,42.328643798828125,-71.10295867919922,62.400001525878906,326733.0625,4688408.0,4,19,T
1665051528.021418,0,51528,0,GPS1_Frame,42.328643798828125,-71.10295867919922,62.400001525878906,326733.0625,4688408.0,4,19,T
1665051529.0291636,0,51529,0,GPS1_Frame,42.328643798828125,-71.10295867919922,62.400001525878906,326733.0625,4688408.0,4,19,T
1665051530.0191348,0,51530,0,GPS1_Frame,42.328643798828125,-71.10295867919922,62.400001525878906,326733.0625,4688408.0,4,19,T
1665051531.022399,0,51531,0,GPS1_Frame,42.328643798828125,-71.10295867919922,62.400001525878906,326733.0625,4688408.0,4,19,T
1665051532.0194905,0,51532,0,GPS1_Frame,42.328643798828125,-71.10295867919922,62.400001525878906,326733.0625,4688408.0,4,19,T
1665051533.021331,0,51533,0,GPS1_Frame,42.328643798828125,-71.10295867919922,62.400001525878906,326733.0625,4688408.0,4,19,T
1665051534.0294228,0,51534,0,GPS1_Frame,42.328643798828125,-71.10295867919922,62.400001525878906,326733.0625,4688408.0,4,19,T
1665051535.0163922,0,51535,0,GPS1_Frame,42.328643798828125,-71.10295867919922,62.400001525878906,326733.0625,4688408.0,4,19,T
1665051536.0194778,0,51536,0,GPS1_Frame,42.328643798828125,-71.10295867919922,62.400001525878906,326733.0625,4688408.0,4,19,T
1665051537.01847,0,51537,0,GPS1_Frame,42.328643798828125,-71.10295867919922,62.400001525878906,326733.09375,4688408.0,4,19,T
1665051538.0185597,0,51538,0,GPS1_Frame,42.328643798828125,-71.10295867919922,62.400001525878906,326733.09375,4688408.0,4,19,T
1665051539.0285869,0,51539,0,GPS1_Frame,42.328643798828125,-71.10295867919922,62.400001525878906,326733.09375,4688408.0,4,19,T
1665051540.020426,0,51540,0,GPS1_Frame,42.328643798828125,-71.10295867919922,62.400001525878906,326733.0625,4688408.0,4,19,T
1665051541.0163114,0,51541,0,GPS1_Frame,42.328643798828125,-71.10295867919922,62.400001525878906,326733.0625,4688408.0,4,19,T
1665051542.0191789,0,51542,0,GPS1_Frame,42.328643798828125,-71.10295867919922,62.400001525878906,326733.0625,4688408.0,4,19,T
1665051543.0203047,0,51543,0,GPS1_Frame,42.328643798828125,-71.10295867919922,62.400001525878906,326733.0625,4688408.0,4,19,T
1665051544.0141408,0,51544,0,GPS1_Frame,42.328643798828125,-71.10295867919922,62.400001525878906,326733.0625,4688408.0,4,19,T
1665051545.0194352,0,51545,0,GPS1_Frame,42.328643798828125,-71.10295867919922,62.400001525878906,326733.0625,4688408.0,4,19,T
1665051546.0203216,0,51546,0,GPS1_Frame,42.328643798828125,-71.10295867919922,62.400001525878906,326733.0625,4688408.0,4,19,T
1665051547.019436,0,51547,0,GPS1_Frame,42.328643798828125,-71.10295867919922,62.400001525878906,326733.0625,4688408.0,4,19,T
1665051548.0195673,0,51548,0,GPS1_Frame,42.328643798828125,-71.10295867919922,62.400001525878906,326733.0625,4688408.0,4,19,T
1665051549.0218942,0,51549,0,GPS1_Frame,42.328643798828125,-71.10295867919922,62.400001525878906,326733.0625,4688408.0,4,19,T
1665051550.029159,0,51550,0,GPS1_Frame,42.328643798828125,-71.10295867919922,62.400001525878906,326733.0625,4688408.0,4,19,T
1665051551.019645,0,51551,0,GPS1_Frame,42.328643798828125,-71.10295867919922,62.400001525878906,326733.0625,4688408.0,4,19,T
1665051552.0197268,0,51552,0,GPS1_Frame,42.328643798828125,-71.10295867919922,62.400001525878906,326733.0625,4688408.0,4,19,T
1665051553.0136037,0,51553,0,GPS1_Frame,42.328643798828125,-71.10295867919922,62.400001525878906,326733.0625,4688408.0,4,19,T
1665051554.0150828,0,51554,0,GPS1_Frame,42.328643798828125,-71.10295867919922,62.400001525878906,326733.0625,4688408.0,4,19,T
1665051555.0208085,0,51555,0,GPS1_Frame,42.328643798828125,-71.10295867919922,62.400001525878906,326733.0625,4688408.0,4,19,T
1665051556.0194623,0,51556,0,GPS1_Frame,42.328643798828125,-71.10295867919922,62.400001525878906,326733.0625,4688408.0,4,19,T
1665051557.021768,0,51557,0,GPS1_Frame,42.328643798828125,-71.10295867919922,62.400001525878906,326733.0625,4688408.0,4,19,T
1665051558.0207775,0,51558,0,GPS1_Frame,42.328643798828125,-71.10295867919922,62.400001525878906,326733.0625,4688408.0,4,19,T
1665051559.027788,0,51559,0,GPS1_Frame,42.328643798828125,-71.10295867919922,62.400001525878906,326733.0625,4688408.0,4,19,T
1665051560.019298,0,51560,0,GPS1_Frame,42.328643798828125,-71.10295867919922,62.400001525878906,326733.0625,4688408.0,4,19,T
1665051561.020511,0,51561,0,GPS1_Frame,42.328643798828125,-71.10295867919922,62.400001525878906,326733.0625,4688408.0,4,19,T
1665051562.0151782,0,51562,0,GPS1_Frame,42.328643798828125,-71.10295867919922,62.400001525878906,326733.0625,4688408.0,4,19,T
1665051563.0122056,0,51563,0,GPS1_Frame,42.328643798828125,-71.10295867919922,62.400001525878906,326733.0625,4688408.0,4,19,T
1665051564.028357,0,51564,0,GPS1_Frame,42.328643798828125,-71.10295867919922,62.400001525878906,326733.0625,4688408.0,4,19,T
1665051565.020265,0,51565,0,GPS1_Frame,42.328643798828125,-71.10295867919922,62.400001525878906,326733.0625,4688408.0,4,19,T
1665051566.019969,0,51566,0,GPS1_Frame,42.328643798828125,-71.10295867919922,62.400001525878906,326733.0625,4688408.0,4,19,T
1665051567.0238225,0,51567,0,GPS1_Frame,42.328643798828125,-71.10295867919922,62.400001525878906,326733.0625,4688408.0,4,19,T
1665051568.0172658,0,51568,0,GPS1_Frame,42.328643798828125,-71.10295867919922,62.400001525878906,326733.0625,4688408.0,4,19,T
1665051569.012866,0,51569,0,GPS1_Frame,42.328643798828125,-71.10295867919922,62.400001525878906,326733.0625,4688408.0,4,19,T
1665051570.0218146,0,51570,0,GPS1_Frame,42.328643798828125,-71.10295867919922,62.400001525878906,326733.0625,4688408.0,4,19,T
1665051571.0134256,0,51571,0,GPS1_Frame,42.328643798828125,-71.10295867919922,62.400001525878906,326733.0625,4688408.0,4,19,T
1665051572.0162435,0,51572,0,GPS1_Frame,42.328643798828125,-71.10295867919922,62.400001525878906,326733.0625,4688408.0,4,19,T
1665051573.0212898,0,51573,0,GPS1_Frame,42.328643798828125,-71.10295867919922,62.400001525878906,326733.0625,4688408.0,4,19,T
1665051574.0197442,0,51574,0,GPS1_Frame,42.328643798828125,-71.10295867919922,62.400001525878906,326733.0625,4688408.0,4,19,T
1665051575.020768,0,51575,0,GPS1_Frame,42.328643798828125,-71.10295867919922,62.400001525878906,326733.0625,4688408.0,4,19,T
1665051576.0299113,0,51576,0,GPS1_Frame,42.328643798828125,-71.10295867919922,62.400001525878906,326733.0625,4688408.0,4,19,T
1665051577.013016,0,51577,0,GPS1_Frame,42.328643798828125,-71.10295867919922,62.400001525878906,326733.0625,4688408.0,4,19,T
1665051578.0210733,0,51578,0,GPS1_Frame,42.328643798828125,-71.10295867919922,62.400001525878906,326733.0625,4688408.0,4,19,T
1665051579.0156972,0,51579,0,GPS1_Frame,42.328643798828125,-71.10295867919922,62.400001525878906,326733.0625,4688408.0,4,19,T
1665051580.016788,0,51580,0,GPS1_Frame,42.328643798828125,-71.10295867919922,62.400001525878906,326733.0625,4688408.0,4,19,T
1665051581.02297,0,51581,0,GPS1_Frame,42.328643798828125,-71.10295867919922,62.400001525878906,326733.0625,4688408.0,4,19,T
1665051582.020704,0,51582,0,GPS1_Frame,42.328643798828125,-71.10295867919922,62.400001525878906,326733.0625,4688408.0,4,19,T
1665051583.012463,0,51583,0,GPS1_Frame,42.328643798828125,-71.10295867919922,62.400001525878906,326733.0625,4688408.0,4,19,T
1665051584.020007,0,51584,0,GPS1_Frame,42.328643798828125,-71.10295867919922,62.400001525878906,326733.0625,4688408.0,4,19,T
1665051585.01898,0,51585,0,GPS1_Frame,42.328643798828125,-71.10295867919922,62.400001525878906,326733.0625,4688408.0,4,19,T
1665051586.0161757,0,51586,0,GPS1_Frame,42.328643798828125,-71.10295867919922,62.400001525878906,326733.0625,4688408.0,4,19,T
1665051587.019945,0,51587,0,GPS1_Frame,42.328643798828125,-71.10295867919922,62.400001525878906,326733.0625,4688408.0,4,19,T
1665051588.0174408,0,51588,0,GPS1_Frame,42.328643798828125,-71.10295867919922,62.400001525878906,326733.0625,4688408.0,4,19,T
1665051589.016259,0,51589,0,GPS1_Frame,42.328643798828125,-71.10295867919922,62.400001525878906,326733.0625,4688408.0,4,19,T
1665051590.0201776,0,51590,0,GPS1_Frame,42.328643798828125,-71.10295867919922,62.400001525878906,326733.0625,4688408.0,4,19,T
1665051591.023216,0,51591,0,GPS1_Frame,42.328643798828125,-71.10295867919922,62.400001525878906,326733.0625,4688408.0,4,19,T
1665051592.0303617,0,51592,0,GPS1_Frame,42.328643798828125,-71.10295867919922,62.400001525878906,326733.0625,4688408.0,4,19,T
1665051593.0196955,0,51593,0,GPS1_Frame,42.328643798828125,-71.10295867919922,62.400001525878906,326733.0625,4688408.0,4,19,T
1665051594.0227091,0,51594,0,GPS1_Frame,42.328643798828125,-71.10295867919922,62.400001525878906,326733.0625,4688408.0,4,19,T
1665051595.018802,0,51595,0,GPS1_Frame,42.328643798828125,-71.10295867919922,62.400001525878906,326733.0625,4688408.0,4,19,T
1665051596.0196998,0,51596,0,GPS1_Frame,42.328643798828125,-71.10295867919922,62.400001525878906,326733.0625,4688408.0,4,19,T
1665051597.0175717,0,51597,0,GPS1_Frame,42.328643798828125,-71.10295867919922,62.400001525878906,326733.0625,4688408.0,4,19,T
1665051598.0169194,0,51598,0,GPS1_Frame,42.328643798828125,-71.10295867919922,62.400001525878906,326733.0625,4688408.0,4,19,T
1665051599.0199811,0,51599,0,GPS1_Frame,42.328643798828125,-71.10295867919922,62.400001525878906,326733.0625,4688408.0,4,19,T
1665051600.022069,0,51600,0,GPS1_Frame,42.328643798828125,-71.10295867919922,62.400001525878906,326733.0625,4688408.0,4,19,T
1665051601.0204477,0,51601,0,GPS1_Frame,42.328643798828125,-71.10295867919922,62.400001525878906,326733.0625,4688408.0,4,19,T
1665051602.0215704,0,51602,0,GPS1_Frame,42.328643798828125,-71.10295867919922,62.400001525878906,326733.0625,4688408.0,4,19,T
1665051603.0211515,0,51603,0,GPS1_Frame,42.328643798828125,-71.10295867919922,62.400001525878906,326733.0625,4688408.0,4,19,T
1665051604.0274525,0,51604,0,GPS1_Frame,42.328643798828125,-71.10295867919922,62.400001525878906,326733.0625,4688408.0,2,19,T
1665051605.0207534,0,51605,0,GPS1_Frame,42.328643798828125,-71.10295867919922,62.400001525878906,326733.09375,4688408.0,4,19,T
1665051606.0204241,0,51606,0,GPS1_Frame,42.328643798828125,-71.10295867919922,62.400001525878906,326733.0625,4688408.0,4,19,T
1665051607.011028,0,51607,0,GPS1_Frame,42.328643798828125,-71.10295867919922,62.400001525878906,326733.09375,4688408.0,4,19,T
1665051608.0205986,0,51608,0,GPS1_Frame,42.328643798828125,-71.10295867919922,62.400001525878906,326733.09375,4688408.0,4,19,T
1665051609.0249922,0,51609,0,GPS1_Frame,42.328643798828125,-71.10295867919922,62.400001525878906,326733.09375,4688408.0,4,19,T
1665051610.0211697,0,51610,0,GPS1_Frame,42.328643798828125,-71.10295867919922,62.400001525878906,326733.09375,4688408.0,4,19,T
1665051611.0182302,0,51611,0,GPS1_Frame,42.328643798828125,-71.10295867919922,62.400001525878906,326733.09375,4688408.0,4,19,T
1665051612.0191453,0,51612,0,GPS1_Frame,42.328643798828125,-71.10295867919922,62.400001525878906,326733.09375,4688408.0,4,19,T
1665051613.0208585,0,51613,0,GPS1_Frame,42.328643798828125,-71.10295867919922,62.400001525878906,326733.09375,4688408.0,4,19,T
1665051614.0202403,0,51614,0,GPS1_Frame,42.328643798828125,-71.10295867919922,62.400001525878906,326733.0625,4688408.0,4,19,T
1665051615.0221262,0,51615,0,GPS1_Frame,42.328643798828125,-71.10295867919922,62.400001525878906,326733.0625,4688408.0,4,19,T
1665051616.016854,0,51616,0,GPS1_Frame,42.328643798828125,-71.10295867919922,62.400001525878906,326733.0625,4688408.0,4,19,T
1665051617.021324,0,51617,0,GPS1_Frame,42.328643798828125,-71.10295867919922,62.400001525878906,326733.0625,4688408.0,4,19,T
1665051618.0304449,0,51618,0,GPS1_Frame,42.328643798828125,-71.10295867919922,62.400001525878906,326733.0625,4688408.0,4,19,T
1665051619.0199978,0,51619,0,GPS1_Frame,42.328643798828125,-71.10295867919922,62.400001525878906,326733.0625,4688408.0,4,19,T
1665051620.0224543,0,51620,0,GPS1_Frame,42.328643798828125,-71.10295867919922,62.400001525878906,326733.0625,4688408.0,4,19,T
1665051621.02307,0,51621,0,GPS1_Frame,42.328643798828125,-71.10295867919922,62.400001525878906,326733.0625,4688408.0,4,19,T
1665051622.0203824,0,51622,0,GPS1_Frame,42.328643798828125,-71.10295867919922,62.400001525878906,326733.0625,4688408.0,4,19,T
1665051623.0215874,0,51623,0,GPS1_Frame,42.328643798828125,-71.10295867919922,62.400001525878906,326733.0625,4688408.0,4,19,T
1665051624.0177572,0,51624,0,GPS1_Frame,42.328643798828125,-71.10295867919922,62.400001525878906,326733.0625,4688408.0,4,19,T
1665051625.0186448,0,51625,0,GPS1_Frame,42.328643798828125,-71.10295867919922,62.400001525878906,326733.0625,4688408.0,4,19,T
1665051626.0176332,0,51626,0,GPS1_Frame,42.328643798828125,-71.10295867919922,62.400001525878906,326733.0625,4688408.0,4,19,T
1665051627.0210717,0,51627,0,GPS1_Frame,42.328643798828125,-71.10295867919922,62.400001525878906,326733.0625,4688408.0,4,19,T
1665051628.0208302,0,51628,0,GPS1_Frame,42.328643798828125,-71.10295867919922,62.400001525878906,326733.0625,4688408.0,4,19,T
1665051629.022181,0,51629,0,GPS1_Frame,42.328643798828125,-71.10295867919922,62.400001525878906,326733.0625,4688408.0,4,19,T
1665051630.0205417,0,51630,0,GPS1_Frame,42.328643798828125,-71.10295867919922,62.400001525878906,326733.0625,4688408.0,4,19,T
1665051631.022255,0,51631,0,GPS1_Frame,42.328643798828125,-71.10295867919922,62.400001525878906,326733.0625,4688408.0,4,19,T
1665051632.0207791,0,51632,0,GPS1_Frame,42.328643798828125,-71.10295867919922,62.400001525878906,326733.0625,4688408.0,4,19,T
1665051633.0313444,0,51633,0,GPS1_Frame,42.328643798828125,-71.10295867919922,62.400001525878906,326733.0625,4688408.0,4,19,T
1665051634.0172796,0,51634,0,GPS1_Frame,42.328643798828125,-71.10295867919922,62.400001525878906,326733.0625,4688408.0,4,19,T
1665051635.022954,0,51635,0,GPS1_Frame,42.328643798828125,-71.10295867919922,62.400001525878906,326733.0625,4688408.0,4,19,T
1665051636.0212007,0,51636,0,GPS1_Frame,42.328643798828125,-71.10295867919922,62.400001525878906,326733.0625,4688408.0,4,19,T
1665051637.020999,0,51637,0,GPS1_Frame,42.328643798828125,-71.10295867919922,62.400001525878906,326733.0625,4688408.0,4,19,T
1665051638.018423,0,51638,0,GPS1_Frame,42.328643798828125,-71.10295867919922,62.400001525878906,326733.0625,4688408.0,4,19,T
1665051639.0153387,0,51639,0,GPS1_Frame,42.328643798828125,-71.10295867919922,62.400001525878906,326733.0625,4688408.0,4,19,T
1665051640.0193224,0,51640,0,GPS1_Frame,42.328643798828125,-71.10295867919922,62.400001525878906,326733.0625,4688408.0,4,19,T
1665051641.0233393,0,51641,0,GPS1_Frame,42.328643798828125,-71.10295867919922,62.400001525878906,326733.0625,4688408.0,4,19,T
1665051642.0228112,0,51642,0,GPS1_Frame,42.328643798828125,-71.10295867919922,62.400001525878906,326733.0625,4688408.0,4,19,T
1665051643.0190566,0,51643,0,GPS1_Frame,42.328643798828125,-71.10295867919922,62.400001525878906,326733.0625,4688408.0,4,19,T
1665051644.027158,0,51644,0,GPS1_Frame,42.328643798828125,-71.10295867919922,62.400001525878906,326733.0625,4688408.0,4,19,T
1665051645.0236,0,51645,0,GPS1_Frame,42.328643798828125,-71.10295867919922,62.400001525878906,326733.0625,4688408.0,4,19,T
1665051646.0219946,0,51646,0,GPS1_Frame,42.328643798828125,-71.10295867919922,62.400001525878906,326733.0625,4688408.0,4,19,T
1665051647.0218315,0,51647,0,GPS1_Frame,42.328643798828125,-71.10295867919922,62.400001525878906,326733.0625,4688408.0,4,19,T
1665051648.0214849,0,51648,0,GPS1_Frame,42.328643798828125,-71.10295867919922,62.400001525878906,326733.0625,4688408.0,4,19,T
1665051649.0325308,0,51649,0,GPS1_Frame,42.328643798828125,-71.10295867919922,62.400001525878906,326733.0625,4688408.0,4,19,T
1665051650.0217614,0,51650,0,GPS1_Frame,42.328643798828125,-71.10295867919922,62.400001525878906,326733.0625,4688408.0,4,19,T
1665051651.0214713,0,51651,0,GPS1_Frame,42.328643798828125,-71.10295867919922,62.400001525878906,326733.0625,4688408.0,4,19,T
1665051652.018423,0,51652,0,GPS1_Frame,42.328643798828125,-71.10295867919922,62.400001525878906,326733.0625,4688408.0,4,19,T
1665051653.0226312,0,51653,0,GPS1_Frame,42.328643798828125,-71.10295867919922,62.400001525878906,326733.0625,4688408.0,4,19,T
1665051654.0323124,0,51654,0,GPS1_Frame,42.328643798828125,-71.10295867919922,62.400001525878906,326733.0625,4688408.0,4,19,T
1665051655.020703,0,51655,0,GPS1_Frame,42.328643798828125,-71.10295867919922,62.400001525878906,326733.0625,4688408.0,4,19,T
1665051656.0218203,0,51656,0,GPS1_Frame,42.328643798828125,-71.10295867919922,62.400001525878906,326733.0625,4688408.0,4,19,T
1665051657.020829,0,51657,0,GPS1_Frame,42.328643798828125,-71.10295867919922,62.400001525878906,326733.0625,4688408.0,4,19,T
1665051658.0206292,0,51658,0,GPS1_Frame,42.328643798828125,-71.10295867919922,62.400001525878906,326733.0625,4688408.0,4,19,T
1665051659.0219018,0,51659,0,GPS1_Frame,42.328643798828125,-71.10295867919922,62.400001525878906,326733.0625,4688408.0,4,19,T
1665051660.0214653,0,51660,0,GPS1_Frame,42.328643798828125,-71.10295867919922,62.400001525878906,326733.0625,4688408.0,4,19,T
1665051661.0172951,0,51661,0,GPS1_Frame,42.328643798828125,-71.10295867919922,62.400001525878906,326733.0625,4688408.0,4,19,T
1665051662.0216722,0,51662,0,GPS1_Frame,42.328643798828125,-71.10295867919922,62.400001525878906,326733.0625,4688408.0,4,19,T
1665051663.0225458,0,51663,0,GPS1_Frame,42.328643798828125,-71.10295867919922,62.400001525878906,326733.0625,4688408.0,4,19,T
1665051664.0207903,0,51664,0,GPS1_Frame,42.328643798828125,-71.10295867919922,62.400001525878906,326733.0625,4688408.0,4,19,T
1665051665.0212123,0,51665,0,GPS1_Frame,42.328643798828125,-71.10295867919922,62.400001525878906,326733.0625,4688408.0,4,19,T
1665051666.021502,0,51666,0,GPS1_Frame,42.328643798828125,-71.10295867919922,62.400001525878906,326733.0625,4688408.0,4,19,T
1665051667.0206196,0,51667,0,GPS1_Frame,42.328643798828125,-71.10295867919922,62.400001525878906,326733.0625,4688408.0,4,19,T
1665051668.0213969,0,51668,0,GPS1_Frame,42.328643798828125,-71.10295867919922,62.400001525878906,326733.0625,4688408.0,4,19,T
1665051669.0215497,0,51669,0,GPS1_Frame,42.328643798828125,-71.10295867919922,62.400001525878906,326733.0625,4688408.0,4,19,T
1665051670.0174797,0,51670,0,GPS1_Frame,42.328643798828125,-71.10295867919922,62.400001525878906,326733.0625,4688408.0,4,19,T
1665051671.02081,0,51671,0,GPS1_Frame,42.328643798828125,-71.10295867919922,62.400001525878906,326733.0625,4688408.0,4,19,T
1665051672.0207407,0,51672,0,GPS1_Frame,42.328643798828125,-71.10295867919922,62.400001525878906,326733.0625,4688408.0,4,19,T
1665051673.0205626,0,51673,0,GPS1_Frame,42.328643798828125,-71.10295867919922,62.400001525878906,326733.0625,4688408.0,4,19,T
1665051674.0310943,0,51674,0,GPS1_Frame,42.328643798828125,-71.10295867919922,62.400001525878906,326733.0625,4688408.0,4,19,T
1665051675.0207071,0,51675,0,GPS1_Frame,42.328643798828125,-71.10295867919922,62.400001525878906,326733.0625,4688408.0,4,19,T
1665051676.0150955,0,51676,0,GPS1_Frame,42.328643798828125,-71.10295867919922,62.400001525878906,326733.0625,4688408.0,4,19,T
1665051677.016849,0,51677,0,GPS1_Frame,42.328643798828125,-71.10295867919922,62.400001525878906,326733.0625,4688408.0,4,19,T
1665051678.0195146,0,51678,0,GPS1_Frame,42.328643798828125,-71.10295867919922,62.400001525878906,326733.0625,4688408.0,4,19,T
1665051679.017868,0,51679,0,GPS1_Frame,42.328643798828125,-71.10295867919922,62.400001525878906,326733.0625,4688408.0,4,19,T
1665051680.029085,0,51680,0,GPS1_Frame,42.328643798828125,-71.10295867919922,62.400001525878906,326733.0625,4688408.0,4,19,T
1665051681.0214725,0,51681,0,GPS1_Frame,42.328643798828125,-71.10295867919922,62.400001525878906,326733.0625,4688408.0,4,19,T
1665051682.022594,0,51682,0,GPS1_Frame,42.328643798828125,-71.10295867919922,62.400001525878906,326733.0625,4688408.0,4,19,T
1665051683.020834,0,51683,0,GPS1_Frame,42.328643798828125,-71.10295867919922,62.400001525878906,326733.0625,4688408.0,4,19,T
1665051684.020704,0,51684,0,GPS1_Frame,42.328643798828125,-71.10295867919922,62.400001525878906,326733.0625,4688408.0,4,19,T
1665051685.0298378,0,51685,0,GPS1_Frame,42.328643798828125,-71.10295867919922,62.400001525878906,326733.0625,4688408.0,4,19,T
1665051686.0227976,0,51686,0,GPS1_Frame,42.328643798828125,-71.10295867919922,62.400001525878906,326733.0625,4688408.0,4,19,T
1665051687.0217726,0,51687,0,GPS1_Frame,42.328643798828125,-71.10295867919922,62.400001525878906,326733.0625,4688408.0,4,19,T
1665051688.0177026,0,51688,0,GPS1_Frame,42.328643798828125,-71.10295867919922,62.400001525878906,326733.0625,4688408.0,4,19,T
1665051689.0197418,0,51689,0,GPS1_Frame,42.328643798828125,-71.10295867919922,62.400001525878906,326733.0625,4688408.0,4,19,T
1665051690.0218067,0,51690,0,GPS1_Frame,42.328643798828125,-71.10295867919922,62.400001525878906,326733.0625,4688408.0,4,19,T
1665051691.0143533,0,51691,0,GPS1_Frame,42.328643798828125,-71.10295867919922,62.400001525878906,326733.0625,4688408.0,4,19,T
1665051692.021479,0,51692,0,GPS1_Frame,42.328643798828125,-71.10295867919922,62.400001525878906,326733.0625,4688408.0,4,19,T
1665051693.020374,0,51693,0,GPS1_Frame,42.328643798828125,-71.10295867919922,62.400001525878906,326733.0625,4688408.0,4,19,T
1665051694.0215282,0,51694,0,GPS1_Frame,42.328643798828125,-71.10295867919922,62.400001525878906,326733.0625,4688408.0,4,19,T
1665051695.022361,0,51695,0,GPS1_Frame,42.328643798828125,-71.10295867919922,62.400001525878906,326733.0625,4688408.0,4,19,T
1665051696.023519,0,51696,0,GPS1_Frame,42.328643798828125,-71.10295867919922,62.400001525878906,326733.0625,4688408.0,4,19,T
1665051697.0177987,0,51697,0,GPS1_Frame,42.328643798828125,-71.10295867919922,62.400001525878906,326733.0625,4688408.0,4,19,T
1665051698.0214713,0,51698,0,GPS1_Frame,42.328643798828125,-71.10295867919922,62.400001525878906,326733.0625,4688408.0,4,19,T
1665051699.0237691,0,51699,0,GPS1_Frame,42.328643798828125,-71.10295867919922,62.400001525878906,326733.0625,4688408.0,4,19,T
1665051700.0207195,0,51700,0,GPS1_Frame,42.328643798828125,-71.10295867919922,62.400001525878906,326733.0625,4688408.0,4,19,T
1665051701.0224974,0,51701,0,GPS1_Frame,42.328643798828125,-71.10295867919922,62.400001525878906,326733.0625,4688408.0,4,19,T
1665051702.023959,0,51702,0,GPS1_Frame,42.328643798828125,-71.10295867919922,62.400001525878906,326733.0625,4688408.0,4,19,T
1665051703.0226858,0,51703,0,GPS1_Frame,42.328643798828125,-71.10295867919922,62.400001525878906,326733.0625,4688408.0,4,19,T
1665051704.0174682,0,51704,0,GPS1_Frame,42.328643798828125,-71.10295867919922,62.400001525878906,326733.0625,4688408.0,4,19,T
1665051705.0216014,0,51705,0,GPS1_Frame,42.328643798828125,-71.10295867919922,62.400001525878906,326733.0625,4688408.0,4,19,T
1665051706.0169873,0,51706,0,GPS1_Frame,42.328643798828125,-71.10295867919922,62.400001525878906,326733.0625,4688408.0,4,19,T
1665051707.0313435,0,51707,0,GPS1_Frame,42.328643798828125,-71.10295867919922,62.400001525878906,326733.0625,4688408.0,4,19,T
1665051708.0219324,0,51708,0,GPS1_Frame,42.328643798828125,-71.10295867919922,62.400001525878906,326733.0625,4688408.0,4,19,T
1665051709.0221758,0,51709,0,GPS1_Frame,42.328643798828125,-71.10295867919922,62.400001525878906,326733.0625,4688408.0,4,19,T
1665051710.0218399,0,51710,0,GPS1_Frame,42.328643798828125,-71.10295867919922,62.400001525878906,326733.0625,4688408.0,4,19,T
1665051711.0210056,0,51711,0,GPS1_Frame,42.328643798828125,-71.10295867919922,62.400001525878906,326733.0625,4688408.0,4,19,T
1665051712.0209053,0,51712,0,GPS1_Frame,42.328643798828125,-71.10295867919922,62.400001525878906,326733.0625,4688408.0,4,19,T
1665051713.022156,0,51713,0,GPS1_Frame,42.328643798828125,-71.10295867919922,62.400001525878906,326733.0625,4688408.0,4,19,T
1665051714.0193532,0,51714,0,GPS1_Frame,42.328643798828125,-71.10295867919922,62.400001525878906,326733.0625,4688408.0,4,19,T
1665051715.016123,0,51715,0,GPS1_Frame,42.328643798828125,-71.10295867919922,62.400001525878906,326733.0625,4688408.0,4,19,T
1665051716.0207672,0,51716,0,GPS1_Frame,42.328643798828125,-71.10295867919922,62.400001525878906,326733.0625,4688408.0,4,19,T
1665051717.0316663,0,51717,0,GPS1_Frame,42.328643798828125,-71.10295867919922,62.400001525878906,326733.0625,4688408.0,4,19,T
1665051718.0213635,0,51718,0,GPS1_Frame,42.328643798828125,-71.10295867919922,62.400001525878906,326733.0625,4688408.0,4,19,T
1665051719.0189757,0,51719,0,GPS1_Frame,42.328643798828125,-71.10295867919922,62.400001525878906,326733.0625,4688408.0,4,19,T
1665051720.016869,0,51720,0,GPS1_Frame,42.328643798828125,-71.10295867919922,62.400001525878906,326733.0625,4688408.0,4,19,T
1665051721.0217187,0,51721,0,GPS1_Frame,42.328643798828125,-71.10295867919922,62.400001525878906,326733.0625,4688408.0,4,19,T
1665051722.0313709,0,51722,0,GPS1_Frame,42.328643798828125,-71.10295867919922,62.400001525878906,326733.0625,4688408.0,4,19,T
1665051723.0222857,0,51723,0,GPS1_Frame,42.328643798828125,-71.10295867919922,62.400001525878906,326733.0625,4688408.0,4,19,T
1665051724.0183272,0,51724,0,GPS1_Frame,42.328643798828125,-71.10295867919922,62.400001525878906,326733.0625,4688408.0,4,19,T
1665051725.0110939,0,51725,0,GPS1_Frame,42.328643798828125,-71.10295867919922,62.400001525878906,326733.03125,4688408.0,2,19,T
1665051726.015212,0,51726,0,GPS1_Frame,42.328643798828125,-71.10295867919922,62.400001525878906,326733.03125,4688408.0,2,19,T
1665051727.0153222,0,51727,0,GPS1_Frame,42.328643798828125,-71.10295867919922,62.5,326733.0625,4688408.0,2,19,T
1665051728.0203342,0,51728,0,GPS1_Frame,42.328643798828125,-71.10295867919922,62.5,326733.0625,4688408.0,5,19,T
1665051729.0223978,0,51729,0,GPS1_Frame,42.328643798828125,-71.10295867919922,62.400001525878906,326733.0625,4688408.0,4,19,T
1665051730.0226443,0,51730,0,GPS1_Frame,42.328643798828125,-71.10295867919922,62.400001525878906,326733.0625,4688408.0,4,19,T
1665051731.021999,0,51731,0,GPS1_Frame,42.328643798828125,-71.10295867919922,62.400001525878906,326733.0625,4688408.0,4,19,T
1665051732.0241177,0,51732,0,GPS1_Frame,42.328643798828125,-71.10295867919922,62.400001525878906,326733.0625,4688408.0,4,19,T
1665051733.0142848,0,51733,0,GPS1_Frame,42.328643798828125,-71.10295867919922,62.70000076293945,326733.03125,4688408.0,2,19,T
1665051734.0215185,0,51734,0,GPS1_Frame,42.328643798828125,-71.10295867919922,62.400001525878906,326733.0625,4688408.0,4,19,T
1665051735.0235264,0,51735,0,GPS1_Frame,42.328643798828125,-71.10295867919922,62.400001525878906,326733.0625,4688408.0,4,19,T
1665051736.0155501,0,51736,0,GPS1_Frame,42.328643798828125,-71.10295867919922,62.400001525878906,326733.0625,4688408.0,2,19,T
1665051737.018544,0,51737,0,GPS1_Frame,42.328643798828125,-71.10295867919922,62.29999923706055,326733.09375,4688408.0,4,19,T
1665051738.022723,0,51738,0,GPS1_Frame,42.328643798828125,-71.10295867919922,62.400001525878906,326733.0625,4688408.0,4,19,T
1665051739.0246663,0,51739,0,GPS1_Frame,42.328643798828125,-71.10295867919922,62.400001525878906,326733.0625,4688408.0,4,19,T
1665051740.0221403,0,51740,0,GPS1_Frame,42.328643798828125,-71.10295867919922,62.400001525878906,326733.0625,4688408.0,4,19,T
1665051741.0214424,0,51741,0,GPS1_Frame,42.328643798828125,-71.10295867919922,62.400001525878906,326733.0625,4688408.0,4,19,T
1665051742.0207317,0,51742,0,GPS1_Frame,42.328643798828125,-71.10295867919922,62.400001525878906,326733.0625,4688408.0,4,19,T
1665051743.017451,0,51743,0,GPS1_Frame,42.328643798828125,-71.10295867919922,62.400001525878906,326733.0625,4688408.0,4,19,T
1665051744.0225174,0,51744,0,GPS1_Frame,42.328643798828125,-71.10295867919922,62.400001525878906,326733.0625,4688408.0,4,19,T
1665051745.0225983,0,51745,0,GPS1_Frame,42.328643798828125,-71.10295867919922,62.400001525878906,326733.0625,4688408.0,4,19,T
1665051746.0155706,0,51746,0,GPS1_Frame,42.328643798828125,-71.10295867919922,62.400001525878906,326733.0625,4688408.0,4,19,T
1665051747.024582,0,51747,0,GPS1_Frame,42.328643798828125,-71.10295867919922,62.400001525878906,326733.0625,4688408.0,4,19,T
1665051748.016603,0,51748,0,GPS1_Frame,42.328643798828125,-71.10295867919922,62.400001525878906,326733.0625,4688408.0,4,19,T
1665051749.02342,0,51749,0,GPS1_Frame,42.328643798828125,-71.10295867919922,62.400001525878906,326733.0625,4688408.0,4,19,T
1665051750.0250905,0,51750,0,GPS1_Frame,42.328643798828125,-71.10295867919922,62.400001525878906,326733.0625,4688408.0,4,19,T
1665051751.0186586,0,51751,0,GPS1_Frame,42.328643798828125,-71.10295867919922,62.400001525878906,326733.0625,4688408.0,4,19,T
1665051752.0211117,0,51752,0,GPS1_Frame,42.328643798828125,-71.10295867919922,62.400001525878906,326733.0625,4688408.0,4,19,T
1665051753.0223572,0,51753,0,GPS1_Frame,42.328643798828125,-71.10295867919922,62.400001525878906,326733.0625,4688408.0,4,19,T
1665051754.0308802,0,51754,0,GPS1_Frame,42.328643798828125,-71.10295867919922,62.400001525878906,326733.0625,4688408.0,4,19,T
1665051755.0236816,0,51755,0,GPS1_Frame,42.328643798828125,-71.10295867919922,62.400001525878906,326733.0625,4688408.0,4,19,T
1665051756.0222614,0,51756,0,GPS1_Frame,42.328643798828125,-71.10295867919922,62.400001525878906,326733.0625,4688408.0,4,19,T
1665051757.0214167,0,51757,0,GPS1_Frame,42.328643798828125,-71.10295867919922,62.400001525878906,326733.0625,4688408.0,4,19,T
1665051758.0220342,0,51758,0,GPS1_Frame,42.328643798828125,-71.10295867919922,62.400001525878906,326733.0625,4688408.0,4,19,T
1665051759.0311577,0,51759,0,GPS1_Frame,42.328643798828125,-71.10295867919922,62.400001525878906,326733.0625,4688408.0,4,19,T
1665051760.0174305,0,51760,0,GPS1_Frame,42.328643798828125,-71.10295867919922,62.400001525878906,326733.0625,4688408.0,4,19,T
1665051761.0233169,0,51761,0,GPS1_Frame,42.328643798828125,-71.10295867919922,62.400001525878906,326733.0625,4688408.0,4,19,T
1665051762.0224147,0,51762,0,GPS1_Frame,42.328643798828125,-71.10295867919922,62.400001525878906,326733.0625,4688408.0,4,19,T
1665051763.0227509,0,51763,0,GPS1_Frame,42.328643798828125,-71.10295867919922,62.400001525878906,326733.0625,4688408.0,4,19,T
1665051764.0320857,0,51764,0,GPS1_Frame,42.328643798828125,-71.10295867919922,62.400001525878906,326733.0625,4688408.0,4,19,T
1665051765.0232503,0,51765,0,GPS1_Frame,42.328643798828125,-71.10295867919922,62.400001525878906,326733.0625,4688408.0,4,19,T
1665051766.0233033,0,51766,0,GPS1_Frame,42.328643798828125,-71.10295867919922,62.400001525878906,326733.0625,4688408.0,4,19,T
1665051767.0243685,0,51767,0,GPS1_Frame,42.328643798828125,-71.10295867919922,62.400001525878906,326733.0625,4688408.0,4,19,T
1665051768.024088,0,51768,0,GPS1_Frame,42.328643798828125,-71.10295867919922,62.400001525878906,326733.0625,4688408.0,4,19,T
1665051769.0194447,0,51769,0,GPS1_Frame,42.328643798828125,-71.10295867919922,62.400001525878906,326733.0625,4688408.0,4,19,T
1665051770.0225441,0,51770,0,GPS1_Frame,42.328643798828125,-71.10295867919922,62.400001525878906,326733.0625,4688408.0,4,19,T
1665051771.0235534,0,51771,0,GPS1_Frame,42.328643798828125,-71.10295867919922,62.400001525878906,326733.0625,4688408.0,4,19,T
1665051772.0234902,0,51772,0,GPS1_Frame,42.328643798828125,-71.10295867919922,62.400001525878906,326733.0625,4688408.0,4,19,T
1665051773.0201142,0,51773,0,GPS1_Frame,42.328643798828125,-71.10295867919922,62.400001525878906,326733.0625,4688408.0,4,19,T
1665051774.024271,0,51774,0,GPS1_Frame,42.328643798828125,-71.10295867919922,62.400001525878906,326733.0625,4688408.0,4,19,T
1665051775.0341227,0,51775,0,GPS1_Frame,42.328643798828125,-71.10295867919922,62.400001525878906,326733.0625,4688408.0,4,19,T
1665051776.0232632,0,51776,0,GPS1_Frame,42.328643798828125,-71.10295867919922,62.400001525878906,326733.0625,4688408.0,4,19,T
1665051777.0227628,0,51777,0,GPS1_Frame,42.328643798828125,-71.10295867919922,62.400001525878906,326733.0625,4688408.0,4,19,T
1665051778.0189774,0,51778,0,GPS1_Frame,42.328643798828125,-71.10295867919922,62.400001525878906,326733.0625,4688408.0,4,19,T
1665051779.0223725,0,51779,0,GPS1_Frame,42.328643798828125,-71.10295867919922,62.400001525878906,326733.0625,4688408.0,4,19,T
1665051780.024596,0,51780,0,GPS1_Frame,42.328643798828125,-71.10295867919922,62.400001525878906,326733.0625,4688408.0,4,19,T
1665051781.0228527,0,51781,0,GPS1_Frame,42.328643798828125,-71.10295867919922,62.400001525878906,326733.0625,4688408.0,4,19,T
1665051782.023003,0,51782,0,GPS1_Frame,42.328643798828125,-71.10295867919922,62.400001525878906,326733.0625,4688408.0,4,19,T
1665051783.0240247,0,51783,0,GPS1_Frame,42.328643798828125,-71.10295867919922,62.400001525878906,326733.0625,4688408.0,4,19,T
1665051784.0229933,0,51784,0,GPS1_Frame,42.328643798828125,-71.10295867919922,62.400001525878906,326733.0625,4688408.0,4,19,T
1665051785.0228643,0,51785,0,GPS1_Frame,42.328643798828125,-71.10295867919922,62.400001525878906,326733.0625,4688408.0,4,19,T
1665051786.022976,0,51786,0,GPS1_Frame,42.328643798828125,-71.10295867919922,62.400001525878906,326733.0625,4688408.0,4,19,T
1665051787.0189795,0,51787,0,GPS1_Frame,42.328643798828125,-71.10295867919922,62.400001525878906,326733.0625,4688408.0,4,19,T
1665051788.022765,0,51788,0,GPS1_Frame,42.328643798828125,-71.10295867919922,62.400001525878906,326733.0625,4688408.0,4,19,T
1665051789.0246615,0,51789,0,GPS1_Frame,42.328643798828125,-71.10295867919922,62.400001525878906,326733.0625,4688408.0,4,19,T
1665051790.0238614,0,51790,0,GPS1_Frame,42.328643798828125,-71.10295867919922,62.400001525878906,326733.0625,4688408.0,4,19,T
1665051791.0236623,0,51791,0,GPS1_Frame,42.328643798828125,-71.10295867919922,62.400001525878906,326733.0625,4688408.0,4,19,T
1665051792.0239246,0,51792,0,GPS1_Frame,42.328643798828125,-71.10295867919922,62.400001525878906,326733.0625,4688408.0,4,19,T
1665051793.0197241,0,51793,0,GPS1_Frame,42.328643798828125,-71.10295867919922,62.400001525878906,326733.0625,4688408.0,4,19,T
1665051794.0219264,0,51794,0,GPS1_Frame,42.328643798828125,-71.10295867919922,62.400001525878906,326733.0625,4688408.0,4,19,T
1665051795.0239315,0,51795,0,GPS1_Frame,42.328643798828125,-71.10295867919922,62.400001525878906,326733.0625,4688408.0,4,19,T
1665051796.0183342,0,51796,0,GPS1_Frame,42.328643798828125,-71.10295867919922,62.400001525878906,326733.0625,4688408.0,4,19,T
1665051797.0220811,0,51797,0,GPS1_Frame,42.328643798828125,-71.10295867919922,62.400001525878906,326733.0625,4688408.0,4,19,T
1665051798.0202172,0,51798,0,GPS1_Frame,42.328643798828125,-71.10295867919922,62.400001525878906,326733.0625,4688408.0,4,19,T
1665051799.0234916,0,51799,0,GPS1_Frame,42.328643798828125,-71.10295867919922,62.400001525878906,326733.0625,4688408.0,4,19,T
1665051800.0254724,0,51800,0,GPS1_Frame,42.328643798828125,-71.10295867919922,62.400001525878906,326733.0625,4688408.0,4,19,T
1665051801.0236504,0,51801,0,GPS1_Frame,42.328643798828125,-71.10295867919922,62.400001525878906,326733.0625,4688408.0,4,19,T
1665051802.0226653,0,51802,0,GPS1_Frame,42.328643798828125,-71.10295867919922,62.400001525878906,326733.0625,4688408.0,4,19,T
1665051803.0227485,0,51803,0,GPS1_Frame,42.328643798828125,-71.10295867919922,62.400001525878906,326733.0625,4688408.0,4,19,T
1665051804.0321953,0,51804,0,GPS1_Frame,42.328643798828125,-71.10295867919922,62.400001525878906,326733.0625,4688408.0,4,19,T
1665051805.0186207,0,51805,0,GPS1_Frame,42.328643798828125,-71.10295867919922,62.400001525878906,326733.0625,4688408.0,4,19,T
1665051806.0217025,0,51806,0,GPS1_Frame,42.328643798828125,-71.10295867919922,62.400001525878906,326733.0625,4688408.0,4,19,T
1665051807.0222483,0,51807,0,GPS1_Frame,42.328643798828125,-71.10295867919922,62.400001525878906,326733.0625,4688408.0,4,19,T
1665051808.0218854,0,51808,0,GPS1_Frame,42.328643798828125,-71.10295867919922,62.400001525878906,326733.0625,4688408.0,4,19,T
1665051809.0319815,0,51809,0,GPS1_Frame,42.328643798828125,-71.10295867919922,62.400001525878906,326733.0625,4688408.0,4,19,T
1665051810.0239975,0,51810,0,GPS1_Frame,42.328643798828125,-71.10295867919922,62.400001525878906,326733.0625,4688408.0,4,19,T
1665051811.023063,0,51811,0,GPS1_Frame,42.328643798828125,-71.10295867919922,62.400001525878906,326733.0625,4688408.0,4,19,T
1665051812.0227435,0,51812,0,GPS1_Frame,42.328643798828125,-71.10295867919922,62.400001525878906,326733.0625,4688408.0,4,19,T
1665051813.023056,0,51813,0,GPS1_Frame,42.328643798828125,-71.10295867919922,62.400001525878906,326733.0625,4688408.0,4,19,T
1665051814.017971,0,51814,0,GPS1_Frame,42.328643798828125,-71.10295867919922,62.400001525878906,326733.0625,4688408.0,4,19,T
1665051815.0221639,0,51815,0,GPS1_Frame,42.328643798828125,-71.10295867919922,62.400001525878906,326733.0625,4688408.0,4,19,T
1665051816.0228343,0,51816,0,GPS1_Frame,42.328643798828125,-71.10295867919922,62.400001525878906,326733.0625,4688408.0,4,19,T
1665051817.0237732,0,51817,0,GPS1_Frame,42.328643798828125,-71.10295867919922,62.400001525878906,326733.0625,4688408.0,4,19,T
1665051818.0228488,0,51818,0,GPS1_Frame,42.328643798828125,-71.10295867919922,62.400001525878906,326733.0625,4688408.0,4,19,T
1665051819.0245173,0,51819,0,GPS1_Frame,42.328643798828125,-71.10295867919922,62.400001525878906,326733.0625,4688408.0,4,19,T
1665051820.0213683,0,51820,0,GPS1_Frame,42.328643798828125,-71.10295867919922,62.400001525878906,326733.0625,4688408.0,4,19,T
1665051821.021923,0,51821,0,GPS1_Frame,42.328643798828125,-71.10295867919922,62.400001525878906,326733.0625,4688408.0,4,19,T
1665051822.0233262,0,51822,0,GPS1_Frame,42.328643798828125,-71.10295867919922,62.400001525878906,326733.0625,4688408.0,4,19,T
1665051823.0193088,0,51823,0,GPS1_Frame,42.328643798828125,-71.10295867919922,62.400001525878906,326733.0625,4688408.0,4,19,T
1665051824.0212903,0,51824,0,GPS1_Frame,42.328643798828125,-71.10295867919922,62.400001525878906,326733.0625,4688408.0,4,19,T
1665051825.0241413,0,51825,0,GPS1_Frame,42.328643798828125,-71.10295867919922,62.400001525878906,326733.0625,4688408.0,4,19,T
1665051826.021875,0,51826,0,GPS1_Frame,42.328643798828125,-71.10295867919922,62.400001525878906,326733.0625,4688408.0,4,19,T
1665051827.0228076,0,51827,0,GPS1_Frame,42.328643798828125,-71.10295867919922,62.400001525878906,326733.0625,4688408.0,4,19,T
1665051828.0242457,0,51828,0,GPS1_Frame,42.328643798828125,-71.10295867919922,62.400001525878906,326733.0625,4688408.0,4,19,T
1665051829.023045,0,51829,0,GPS1_Frame,42.328643798828125,-71.10295867919922,62.400001525878906,326733.0625,4688408.0,4,19,T
1665051830.022066,0,51830,0,GPS1_Frame,42.328643798828125,-71.10295867919922,62.400001525878906,326733.0625,4688408.0,4,19,T
1665051831.0332797,0,51831,0,GPS1_Frame,42.328643798828125,-71.10295867919922,62.400001525878906,326733.0625,4688408.0,4,19,T
1665051832.0116708,0,51832,0,GPS1_Frame,42.328643798828125,-71.10295867919922,62.400001525878906,326733.0625,4688408.0,4,19,T
1665051833.022219,0,51833,0,GPS1_Frame,42.328643798828125,-71.10295867919922,62.400001525878906,326733.0625,4688408.0,4,19,T
1665051834.0241034,0,51834,0,GPS1_Frame,42.328643798828125,-71.10295867919922,62.400001525878906,326733.0625,4688408.0,4,19,T
1665051835.0216706,0,51835,0,GPS1_Frame,42.328643798828125,-71.10295867919922,62.400001525878906,326733.0625,4688408.0,4,19,T
1665051836.0320225,0,51836,0,GPS1_Frame,42.328643798828125,-71.10295867919922,62.400001525878906,326733.0625,4688408.0,4,19,T
1665051837.0226521,0,51837,0,GPS1_Frame,42.328643798828125,-71.10295867919922,62.400001525878906,326733.0625,4688408.0,4,19,T
1665051838.0206811,0,51838,0,GPS1_Frame,42.328643798828125,-71.10295867919922,62.400001525878906,326733.0625,4688408.0,4,19,T
1665051839.0153267,0,51839,0,GPS1_Frame,42.328643798828125,-71.10295867919922,62.400001525878906,326733.0625,4688408.0,4,19,T
1665051840.0159168,0,51840,0,GPS1_Frame,42.328643798828125,-71.10295867919922,62.400001525878906,326733.0625,4688408.0,4,19,T
1665051841.0180416,0,51841,0,GPS1_Frame,42.328643798828125,-71.10295867919922,62.400001525878906,326733.0625,4688408.0,4,19,T
1665051842.0229917,0,51842,0,GPS1_Frame,42.328643798828125,-71.10295867919922,62.400001525878906,326733.0625,4688408.0,4,19,T
1665051843.022819,0,51843,0,GPS1_Frame,42.328643798828125,-71.10295867919922,62.400001525878906,326733.0625,4688408.0,4,19,T
1665051844.0215402,0,51844,0,GPS1_Frame,42.328643798828125,-71.10295867919922,62.400001525878906,326733.0625,4688408.0,4,19,T
1665051845.021999,0,51845,0,GPS1_Frame,42.328643798828125,-71.10295867919922,62.400001525878906,326733.0625,4688408.0,4,19,T
1665051846.021482,0,51846,0,GPS1_Frame,42.328643798828125,-71.10295867919922,62.400001525878906,326733.0625,4688408.0,4,19,T
1665051847.0215156,0,51847,0,GPS1_Frame,42.328643798828125,-71.10295867919922,62.400001525878906,326733.0625,4688408.0,4,19,T
1665051848.0217657,0,51848,0,GPS1_Frame,42.328643798828125,-71.10295867919922,62.400001525878906,326733.0625,4688408.0,4,19,T
1665051849.0235193,0,51849,0,GPS1_Frame,42.328643798828125,-71.10295867919922,62.400001525878906,326733.0625,4688408.0,4,19,T
1665051850.0115743,0,51850,0,GPS1_Frame,42.328643798828125,-71.10295867919922,62.400001525878906,326733.0625,4688408.0,4,19,T
1665051851.0312345,0,51851,0,GPS1_Frame,42.328643798828125,-71.10295867919922,62.400001525878906,326733.0625,4688408.0,4,19,T
1665051852.0240512,0,51852,0,GPS1_Frame,42.328643798828125,-71.10295867919922,62.400001525878906,326733.0625,4688408.0,4,19,T
1665051853.0173774,0,51853,0,GPS1_Frame,42.328643798828125,-71.10295867919922,62.400001525878906,326733.0625,4688408.0,4,19,T
1665051854.0196774,0,51854,0,GPS1_Frame,42.328643798828125,-71.10295867919922,62.400001525878906,326733.0625,4688408.0,4,19,T
1665051855.0240638,0,51855,0,GPS1_Frame,42.328643798828125,-71.10295867919922,62.400001525878906,326733.0625,4688408.0,4,19,T
1665051856.023173,0,51856,0,GPS1_Frame,42.328643798828125,-71.10295867919922,62.400001525878906,326733.0625,4688408.0,4,19,T
1665051857.0229728,0,51857,0,GPS1_Frame,42.328643798828125,-71.10295867919922,62.400001525878906,326733.0625,4688408.0,4,19,T
1665051858.025206,0,51858,0,GPS1_Frame,42.328643798828125,-71.10295867919922,62.400001525878906,326733.0625,4688408.0,4,19,T
1665051859.019953,0,51859,0,GPS1_Frame,42.328643798828125,-71.10295867919922,62.400001525878906,326733.0625,4688408.0,4,19,T
1665051860.0229075,0,51860,0,GPS1_Frame,42.328643798828125,-71.10295867919922,62.400001525878906,326733.0625,4688408.0,4,19,T
1665051861.0242374,0,51861,0,GPS1_Frame,42.328643798828125,-71.10295867919922,62.400001525878906,326733.0625,4688408.0,4,19,T
1665051862.0227687,0,51862,0,GPS1_Frame,42.328643798828125,-71.10295867919922,62.400001525878906,326733.0625,4688408.0,4,19,T
1665051863.0233386,0,51863,0,GPS1_Frame,42.328643798828125,-71.10295867919922,62.400001525878906,326733.0625,4688408.0,4,19,T
1665051864.0322392,0,51864,0,GPS1_Frame,42.328643798828125,-71.10295867919922,62.400001525878906,326733.0625,4688408.0,4,19,T
1665051865.0227737,0,51865,0,GPS1_Frame,42.328643798828125,-71.10295867919922,62.400001525878906,326733.0625,4688408.0,4,19,T
1665051866.0246816,0,51866,0,GPS1_Frame,42.328643798828125,-71.10295867919922,62.400001525878906,326733.0625,4688408.0,4,19,T
1665051867.022544,0,51867,0,GPS1_Frame,42.328643798828125,-71.10295867919922,62.400001525878906,326733.0625,4688408.0,4,19,T
1665051868.0199738,0,51868,0,GPS1_Frame,42.328643798828125,-71.10295867919922,62.400001525878906,326733.0625,4688408.0,4,19,T
1665051869.0190313,0,51869,0,GPS1_Frame,42.328643798828125,-71.10295867919922,62.400001525878906,326733.0625,4688408.0,4,19,T
1665051870.0224674,0,51870,0,GPS1_Frame,42.328643798828125,-71.10295867919922,62.400001525878906,326733.0625,4688408.0,4,19,T
1665051871.0213244,0,51871,0,GPS1_Frame,42.328643798828125,-71.10295867919922,62.400001525878906,326733.0625,4688408.0,4,19,T
1665051872.0222754,0,51872,0,GPS1_Frame,42.328643798828125,-71.10295867919922,62.400001525878906,326733.0625,4688408.0,4,19,T
1665051873.02272,0,51873,0,GPS1_Frame,42.328643798828125,-71.10295867919922,62.400001525878906,326733.0625,4688408.0,4,19,T
1665051874.0230484,0,51874,0,GPS1_Frame,42.328643798828125,-71.10295867919922,62.400001525878906,326733.0625,4688408.0,4,19,T
1665051875.0222876,0,51875,0,GPS1_Frame,42.328643798828125,-71.10295867919922,62.400001525878906,326733.0625,4688408.0,4,19,T
1665051876.0224752,0,51876,0,GPS1_Frame,42.328643798828125,-71.10295867919922,62.400001525878906,326733.0625,4688408.0,4,19,T
1665051877.019589,0,51877,0,GPS1_Frame,42.328643798828125,-71.10295867919922,62.400001525878906,326733.0625,4688408.0,4,19,T
1665051878.0229888,0,51878,0,GPS1_Frame,42.328643798828125,-71.10295867919922,62.400001525878906,326733.0625,4688408.0,4,19,T
1665051879.025782,0,51879,0,GPS1_Frame,42.328643798828125,-71.10295867919922,62.400001525878906,326733.0625,4688408.0,4,19,T
1665051880.0208232,0,51880,0,GPS1_Frame,42.328643798828125,-71.10295867919922,62.400001525878906,326733.0625,4688408.0,4,19,T
1665051881.0228384,0,51881,0,GPS1_Frame,42.328643798828125,-71.10295867919922,62.400001525878906,326733.0625,4688408.0,4,19,T
1665051882.0248485,0,51882,0,GPS1_Frame,42.328643798828125,-71.10295867919922,62.400001525878906,326733.0625,4688408.0,4,19,T
1665051883.0227444,0,51883,0,GPS1_Frame,42.328643798828125,-71.10295867919922,62.400001525878906,326733.0625,4688408.0,4,19,T
1665051884.024169,0,51884,0,GPS1_Frame,42.328643798828125,-71.10295867919922,62.400001525878906,326733.0625,4688408.0,4,19,T
1665051885.0229025,0,51885,0,GPS1_Frame,42.328643798828125,-71.10295867919922,62.400001525878906,326733.0625,4688408.0,4,19,T
1665051886.0195713,0,51886,0,GPS1_Frame,42.328643798828125,-71.10295867919922,62.400001525878906,326733.0625,4688408.0,4,19,T
1665051887.0243156,0,51887,0,GPS1_Frame,42.328643798828125,-71.10295867919922,62.400001525878906,326733.0625,4688408.0,4,19,T
1665051888.0252597,0,51888,0,GPS1_Frame,42.328643798828125,-71.10295867919922,62.400001525878906,326733.0625,4688408.0,4,19,T
1665051889.0258007,0,51889,0,GPS1_Frame,42.328643798828125,-71.10295867919922,62.400001525878906,326733.0625,4688408.0,4,19,T
1665051890.0247219,0,51890,0,GPS1_Frame,42.328643798828125,-71.10295867919922,62.400001525878906,326733.0625,4688408.0,4,19,T
1665051891.0243475,0,51891,0,GPS1_Frame,42.328643798828125,-71.10295867919922,62.400001525878906,326733.0625,4688408.0,4,19,T
1665051892.0345824,0,51892,0,GPS1_Frame,42.328643798828125,-71.10295867919922,62.400001525878906,326733.0625,4688408.0,4,19,T
1665051893.0234733,0,51893,0,GPS1_Frame,42.328643798828125,-71.10295867919922,62.400001525878906,326733.0625,4688408.0,4,19,T
1665051894.0235846,0,51894,0,GPS1_Frame,42.328643798828125,-71.10295867919922,62.400001525878906,326733.0625,4688408.0,4,19,T
1665051895.0204825,0,51895,0,GPS1_Frame,42.328643798828125,-71.10295867919922,62.400001525878906,326733.0625,4688408.0,4,19,T
1665051896.0233607,0,51896,0,GPS1_Frame,42.328643798828125,-71.10295867919922,62.400001525878906,326733.0625,4688408.0,4,19,T
1665051897.0247684,0,51897,0,GPS1_Frame,42.328643798828125,-71.10295867919922,62.400001525878906,326733.0625,4688408.0,4,19,T
1665051898.0193307,0,51898,0,GPS1_Frame,42.328643798828125,-71.10295867919922,62.400001525878906,326733.0625,4688408.0,4,19,T
1665051899.0190136,0,51899,0,GPS1_Frame,42.328643798828125,-71.10295867919922,62.400001525878906,326733.0625,4688408.0,4,19,T
1665051900.0254376,0,51900,0,GPS1_Frame,42.328643798828125,-71.10295867919922,62.400001525878906,326733.0625,4688408.0,4,19,T
1665051901.0229728,0,51901,0,GPS1_Frame,42.328643798828125,-71.10295867919922,62.400001525878906,326733.0625,4688408.0,4,19,T
1665051902.0259616,0,51902,0,GPS1_Frame,42.328643798828125,-71.10295867919922,62.400001525878906,326733.0625,4688408.0,4,19,T
1665051903.025893,0,51903,0,GPS1_Frame,42.328643798828125,-71.10295867919922,62.400001525878906,326733.0625,4688408.0,4,19,T
1665051904.0292912,0,51904,0,GPS1_Frame,42.328643798828125,-71.10295867919922,62.400001525878906,326733.0625,4688408.0,4,19,T
1665051905.0178034,0,51905,0,GPS1_Frame,42.328643798828125,-71.10295867919922,62.400001525878906,326733.0625,4688408.0,4,19,T
1665051906.0253713,0,51906,0,GPS1_Frame,42.328643798828125,-71.10295867919922,62.400001525878906,326733.0625,4688408.0,4,19,T
1665051907.024196,0,51907,0,GPS1_Frame,42.328643798828125,-71.10295867919922,62.400001525878906,326733.0625,4688408.0,4,19,T
1665051908.0243452,0,51908,0,GPS1_Frame,42.328643798828125,-71.10295867919922,62.400001525878906,326733.0625,4688408.0,4,19,T
1665051909.0352664,0,51909,0,GPS1_Frame,42.328643798828125,-71.10295867919922,62.400001525878906,326733.0625,4688408.0,4,19,T
1665051910.023182,0,51910,0,GPS1_Frame,42.328643798828125,-71.10295867919922,62.400001525878906,326733.0625,4688408.0,4,19,T
1665051911.0174437,0,51911,0,GPS1_Frame,42.328643798828125,-71.10295867919922,62.400001525878906,326733.0625,4688408.0,4,19,T
1665051912.027143,0,51912,0,GPS1_Frame,42.328643798828125,-71.10295867919922,62.400001525878906,326733.0625,4688408.0,4,19,T
1665051913.0218542,0,51913,0,GPS1_Frame,42.328643798828125,-71.10295867919922,62.400001525878906,326733.0625,4688408.0,4,19,T
1665051914.035516,0,51914,0,GPS1_Frame,42.328643798828125,-71.10295867919922,62.400001525878906,326733.0625,4688408.0,4,19,T
1665051915.028103,0,51915,0,GPS1_Frame,42.328643798828125,-71.10295867919922,62.400001525878906,326733.0625,4688408.0,4,19,T
1665051916.0260248,0,51916,0,GPS1_Frame,42.328643798828125,-71.10295867919922,62.400001525878906,326733.0625,4688408.0,4,19,T
1665051917.0253153,0,51917,0,GPS1_Frame,42.328643798828125,-71.10295867919922,62.400001525878906,326733.0625,4688408.0,4,19,T
1665051918.029656,0,51918,0,GPS1_Frame,42.328643798828125,-71.10295867919922,62.400001525878906,326733.0625,4688408.0,4,19,T
1665051919.0354998,0,51919,0,GPS1_Frame,42.328643798828125,-71.10295867919922,62.400001525878906,326733.0625,4688408.0,4,19,T
1665051920.0246363,0,51920,0,GPS1_Frame,42.328643798828125,-71.10295867919922,62.400001525878906,326733.0625,4688408.0,4,19,T
1665051921.0286784,0,51921,0,GPS1_Frame,42.328643798828125,-71.10295867919922,62.400001525878906,326733.0625,4688408.0,4,19,T
1665051922.0190732,0,51922,0,GPS1_Frame,42.328643798828125,-71.10295867919922,62.400001525878906,326733.0625,4688408.0,4,19,T
1665051923.0251272,0,51923,0,GPS1_Frame,42.328643798828125,-71.10295867919922,62.400001525878906,326733.0625,4688408.0,4,19,T
1665051924.0377858,0,51924,0,GPS1_Frame,42.328643798828125,-71.10295867919922,62.400001525878906,326733.0625,4688408.0,4,19,T
1665051925.0235753,0,51925,0,GPS1_Frame,42.328643798828125,-71.10295867919922,62.400001525878906,326733.0625,4688408.0,4,19,T
1665051926.026446,0,51926,0,GPS1_Frame,42.328643798828125,-71.10295867919922,62.400001525878906,326733.0625,4688408.0,4,19,T
1665051927.026962,0,51927,0,GPS1_Frame,42.328643798828125,-71.10295867919922,62.400001525878906,326733.0625,4688408.0,4,19,T
1665051928.0245054,0,51928,0,GPS1_Frame,42.328643798828125,-71.10295867919922,62.400001525878906,326733.0625,4688408.0,4,19,T
1665051929.0250626,0,51929,0,GPS1_Frame,42.328643798828125,-71.10295867919922,62.400001525878906,326733.0625,4688408.0,4,19,T
1665051930.026612,0,51930,0,GPS1_Frame,42.328643798828125,-71.10295867919922,62.400001525878906,326733.0625,4688408.0,4,19,T
1665051931.0219884,0,51931,0,GPS1_Frame,42.328643798828125,-71.10295867919922,62.400001525878906,326733.0625,4688408.0,4,19,T
1665051932.026134,0,51932,0,GPS1_Frame,42.328643798828125,-71.10295867919922,62.400001525878906,326733.0625,4688408.0,4,19,T
1665051933.027887,0,51933,0,GPS1_Frame,42.328643798828125,-71.10295867919922,62.400001525878906,326733.0625,4688408.0,4,19,T
1665051934.025599,0,51934,0,GPS1_Frame,42.328643798828125,-71.10295867919922,62.400001525878906,326733.0625,4688408.0,4,19,T
1665051935.0363054,0,51935,0,GPS1_Frame,42.328643798828125,-71.10295867919922,62.400001525878906,326733.0625,4688408.0,4,19,T
1665051936.0268376,0,51936,0,GPS1_Frame,42.328643798828125,-71.10295867919922,62.400001525878906,326733.0625,4688408.0,4,19,T
1665051937.0243084,0,51937,0,GPS1_Frame,42.328643798828125,-71.10295867919922,62.400001525878906,326733.0625,4688408.0,4,19,T
1665051938.0253098,0,51938,0,GPS1_Frame,42.328643798828125,-71.10295867919922,62.400001525878906,326733.0625,4688408.0,4,19,T
1665051939.027149,0,51939,0,GPS1_Frame,42.328643798828125,-71.10295867919922,62.400001525878906,326733.0625,4688408.0,4,19,T
1665051940.020116,0,51940,0,GPS1_Frame,42.328643798828125,-71.10295867919922,62.400001525878906,326733.0625,4688408.0,4,19,T
1665051941.026096,0,51941,0,GPS1_Frame,42.328643798828125,-71.10295867919922,62.400001525878906,326733.0625,4688408.0,4,19,T
1665051942.0252488,0,51942,0,GPS1_Frame,42.328643798828125,-71.10295867919922,62.400001525878906,326733.0625,4688408.0,4,19,T
1665051943.0242789,0,51943,0,GPS1_Frame,42.328643798828125,-71.10295867919922,62.400001525878906,326733.0625,4688408.0,4,19,T
1665051944.0244648,0,51944,0,GPS1_Frame,42.328643798828125,-71.10295867919922,62.400001525878906,326733.0625,4688408.0,4,19,T
1665051945.0278876,0,51945,0,GPS1_Frame,42.328643798828125,-71.10295867919922,62.400001525878906,326733.0625,4688408.0,4,19,T
1665051946.0251212,0,51946,0,GPS1_Frame,42.328643798828125,-71.10295867919922,62.400001525878906,326733.0625,4688408.0,4,19,T
1665051947.0244107,0,51947,0,GPS1_Frame,42.328643798828125,-71.10295867919922,62.400001525878906,326733.0625,4688408.0,4,19,T
1665051948.0252593,0,51948,0,GPS1_Frame,42.328643798828125,-71.10295867919922,62.400001525878906,326733.0625,4688408.0,4,19,T
1665051949.0213337,0,51949,0,GPS1_Frame,42.328643798828125,-71.10295867919922,62.400001525878906,326733.0625,4688408.0,4,19,T
1665051950.024498,0,51950,0,GPS1_Frame,42.328643798828125,-71.10295867919922,62.400001525878906,326733.0625,4688408.0,4,19,T
1665051951.0240648,0,51951,0,GPS1_Frame,42.328643798828125,-71.10295867919922,62.400001525878906,326733.0625,4688408.0,4,19,T
1665051952.0271962,0,51952,0,GPS1_Frame,42.328643798828125,-71.10295867919922,62.400001525878906,326733.0625,4688408.0,4,19,T
1665051953.022025,0,51953,0,GPS1_Frame,42.328643798828125,-71.10295867919922,62.400001525878906,326733.0625,4688408.0,4,19,T
1665051954.0258265,0,51954,0,GPS1_Frame,42.328643798828125,-71.10295867919922,62.400001525878906,326733.0625,4688408.0,4,19,T
1665051955.024673,0,51955,0,GPS1_Frame,42.328643798828125,-71.10295867919922,62.400001525878906,326733.0625,4688408.0,4,19,T
1665051956.0243926,0,51956,0,GPS1_Frame,42.328643798828125,-71.10295867919922,62.400001525878906,326733.0625,4688408.0,4,19,T
1665051957.02708,0,51957,0,GPS1_Frame,42.328643798828125,-71.10295867919922,62.400001525878906,326733.0625,4688408.0,4,19,T
1665051958.021981,0,51958,0,GPS1_Frame,42.328643798828125,-71.10295867919922,62.400001525878906,326733.0625,4688408.0,4,19,T
1665051959.0245938,0,51959,0,GPS1_Frame,42.328643798828125,-71.10295867919922,62.400001525878906,326733.0625,4688408.0,4,19,T
1665051960.0257282,0,51960,0,GPS1_Frame,42.328643798828125,-71.10295867919922,62.400001525878906,326733.0625,4688408.0,4,19,T
1665051961.0256782,0,51961,0,GPS1_Frame,42.328643798828125,-71.10295867919922,62.400001525878906,326733.0625,4688408.0,4,19,T
1665051962.0248713,0,51962,0,GPS1_Frame,42.328643798828125,-71.10295867919922,62.400001525878906,326733.0625,4688408.0,4,19,T
1665051963.0258539,0,51963,0,GPS1_Frame,42.328643798828125,-71.10295867919922,62.400001525878906,326733.0625,4688408.0,4,19,T
